-- phpMyAdmin SQL Dump
-- version 4.2.11
-- http://www.phpmyadmin.net
--
-- Host: 127.0.0.1
-- Generation Time: Feb 05, 2015 at 05:51 PM
-- Server version: 5.6.21
-- PHP Version: 5.5.19

SET SQL_MODE = "NO_AUTO_VALUE_ON_ZERO";
SET time_zone = "+00:00";


/*!40101 SET @OLD_CHARACTER_SET_CLIENT=@@CHARACTER_SET_CLIENT */;
/*!40101 SET @OLD_CHARACTER_SET_RESULTS=@@CHARACTER_SET_RESULTS */;
/*!40101 SET @OLD_COLLATION_CONNECTION=@@COLLATION_CONNECTION */;
/*!40101 SET NAMES utf8 */;

--
-- Database: `ppl`
--

-- --------------------------------------------------------

--
-- Table structure for table `adminlogin`
--

CREATE TABLE IF NOT EXISTS `adminlogin` (
  `userId` bigint(20) NOT NULL,
  `password` varchar(40) NOT NULL
) ENGINE=InnoDB DEFAULT CHARSET=latin1;

--
-- Dumping data for table `adminlogin`
--

INSERT INTO `adminlogin` (`userId`, `password`) VALUES
(1, 'd033e22ae348aeb5660fc2140aec35850c4da997');

-- --------------------------------------------------------

--
-- Table structure for table `batting`
--

CREATE TABLE IF NOT EXISTS `batting` (
  `playerId` bigint(20) NOT NULL,
  `runs` bigint(20) NOT NULL,
  `highScore` bigint(20) NOT NULL,
  `average` float NOT NULL,
  `strikeRate` float NOT NULL,
  `hundred` bigint(20) NOT NULL,
  `fifty` bigint(20) NOT NULL
) ENGINE=InnoDB DEFAULT CHARSET=latin1;

--
-- Dumping data for table `batting`
--

INSERT INTO `batting` (`playerId`, `runs`, `highScore`, `average`, `strikeRate`, `hundred`, `fifty`) VALUES
(1000, 268, 46, 12.76, 124.65, 0, 0),
(1001, 9, 9, 9, 42.85, 0, 0),
(1002, 1, 1, 0, 25, 0, 0),
(1003, 210, 49, 19.09, 86.41, 0, 0),
(1004, 17, 8, 3.4, 89.47, 0, 0),
(1005, 189, 44, 18.9, 113.85, 0, 0),
(1006, 50, 22, 16.66, 108.69, 0, 0),
(1007, 6, 6, 6, 120, 0, 0),
(1008, 126, 28, 12.6, 113.51, 0, 0),
(1009, 104, 38, 17.33, 110.63, 0, 0),
(1010, 37, 22, 18.5, 36.63, 0, 0),
(1011, 288, 36, 13.09, 103.97, 0, 0),
(1012, 295, 61, 16.38, 120.4, 0, 1),
(1013, 25, 13, 5, 41.66, 0, 0),
(1014, 476, 118, 34, 78.54, 1, 3),
(1015, 1, 1, 0, 100, 0, 0),
(1016, 0, 0, 0, 0, 0, 0),
(1017, 165, 51, 15, 115.38, 0, 1),
(1018, 16, 16, 16, 51.61, 0, 0),
(1019, 7762, 130, 44.86, 78.59, 8, 56),
(1020, 1960, 156, 42.6, 87.22, 2, 14),
(1021, 22, 11, 11, 81.48, 0, 0),
(1022, 101, 15, 14.42, 55.19, 0, 0),
(1023, 685, 116, 45.66, 109.42, 1, 3),
(1024, 756, 156, 39.78, 152.41, 1, 5),
(1025, 2945, 110, 31.32, 82.14, 2, 16),
(1026, 0, 0, 0, 0, 0, 0),
(1027, 917, 73, 16.37, 95.82, 0, 2),
(1028, 360, 89, 36, 89.77, 0, 3),
(1029, 911, 93, 28.46, 119.08, 0, 8),
(1030, 1005, 104, 32.41, 87.46, 2, 3),
(1031, 161, 52, 32.2, 87.02, 0, 1),
(1032, 1690, 163, 33.13, 85.35, 3, 10),
(1033, 5478, 185, 40.57, 89.87, 9, 31),
(1034, 1346, 51, 14.95, 87.8, 0, 1),
(1035, 3, 2, 1.5, 23.07, 0, 0),
(1036, 892, 120, 35.68, 70.84, 3, 3),
(1037, 5, 5, 5, 83.33, 0, 0),
(1038, 2123, 82, 32.16, 72.9, 0, 11),
(1039, 539, 60, 25.66, 74.65, 0, 3),
(1040, 3153, 117, 28.92, 71.35, 2, 18),
(1041, 1044, 100, 34.8, 78.73, 1, 6),
(1042, 83, 17, 6.38, 59.28, 0, 0),
(1043, 50, 26, 16.66, 79.36, 0, 0),
(1044, 3977, 134, 34.58, 79.41, 6, 26),
(1045, 1568, 96, 27.5, 60.49, 0, 12),
(1046, 0, 0, 0, 0, 0, 0),
(1047, 3971, 154, 29.85, 77.55, 4, 27),
(1048, 0, 0, 0, 0, 0, 0),
(1049, 3846, 124, 37.33, 85.86, 7, 22),
(1050, 451, 119, 32.21, 108.41, 1, 3),
(1051, 259, 28, 7.61, 47.61, 0, 0),
(1052, 261, 79, 26.1, 70.16, 0, 2),
(1053, 4995, 126, 37, 76.45, 3, 32),
(1054, 2651, 101, 31.18, 78.4, 1, 14),
(1055, 470, 45, 12.7, 74.13, 0, 0),
(1056, 1030, 121, 31.21, 111.71, 1, 5),
(1057, 106, 35, 9.63, 76.81, 0, 0),
(1058, 1062, 116, 37.92, 138.46, 1, 7),
(1059, 132, 38, 13.2, 89.18, 0, 0),
(1060, 1503, 113, 40.62, 79.52, 3, 7),
(1061, 252, 90, 36, 76.36, 0, 3),
(1062, 163, 30, 11.64, 67.35, 0, 0),
(1063, 306, 41, 19.12, 75, 0, 0),
(1064, 8245, 183, 52.51, 88.97, 9, 56),
(1065, 623, 65, 17.3, 89.89, 0, 1),
(1066, 84, 44, 21, 71.18, 0, 0),
(1067, 2049, 119, 43.59, 90.62, 6, 11),
(1068, 1691, 87, 34.51, 84.55, 0, 10),
(1069, 6221, 183, 51.84, 90.38, 21, 33),
(1070, 161, 31, 9.47, 80.5, 0, 0),
(1071, 76, 19, 8.44, 77.55, 0, 0),
(1072, 507, 69, 42.25, 67.78, 0, 4),
(1073, 1275, 111, 28.97, 77.46, 2, 7),
(1074, 5103, 116, 35.68, 93.05, 4, 33),
(1075, 3, 3, 0, 60, 0, 0),
(1076, 72, 13, 5.14, 36, 0, 0),
(1077, 3890, 264, 38.9, 81.55, 6, 23),
(1078, 44, 17, 14.66, 68.75, 0, 0),
(1079, 627, 56, 19.59, 114.2, 0, 1),
(1080, 181, 38, 15.08, 52.76, 0, 0),
(1081, 7, 4, 3.5, 25.92, 0, 0),
(1082, 216, 65, 15.42, 125.58, 0, 1),
(1083, 2, 2, 2, 25, 0, 0),
(1084, 405, 78, 33.75, 93.96, 0, 1),
(1085, 0, 0, 0, 0, 0, 0),
(1086, 204, 31, 17, 104.08, 0, 0),
(1087, 399, 42, 15.34, 117.35, 0, 0),
(1088, 362, 50, 19.05, 98.63, 0, 1),
(1089, 27, 12, 27, 71.05, 0, 0),
(1090, 584, 79, 26.54, 128.35, 0, 5),
(1091, 10, 7, 10, 71.42, 0, 0),
(1092, 511, 41, 20.44, 91.08, 0, 0),
(1093, 5, 5, 5, 62.5, 0, 0),
(1094, 5, 3, 5, 71.42, 0, 0),
(1095, 5407, 166, 30.54, 91.7, 5, 27),
(1096, 610, 131, 38.12, 129.51, 1, 2),
(1097, 52, 21, 13, 78.78, 0, 0),
(1098, 1058, 115, 29.38, 69.97, 1, 6),
(1099, 3049, 189, 37.64, 80.04, 5, 20),
(1100, 473, 86, 24.89, 72.21, 0, 1),
(1101, 7, 6, 7, 63.63, 0, 0),
(1102, 275, 36, 11.95, 101.85, 0, 0),
(1103, 1017, 54, 15.64, 80.39, 0, 2),
(1104, 5, 3, 0, 50, 0, 0),
(1105, 263, 51, 32.87, 152.02, 0, 1),
(1106, 318, 32, 10.6, 90.85, 0, 0),
(1107, 4625, 131, 40.57, 81.88, 11, 27),
(1108, 2165, 83, 17.18, 82.13, 0, 4),
(1109, 2163, 145, 44.14, 81.19, 5, 13),
(1110, 4669, 96, 42.83, 73.63, 0, 37),
(1111, 1915, 124, 34.81, 71.99, 6, 9),
(1112, 5, 5, 0, 50, 0, 0),
(1113, 15, 11, 5, 60, 0, 0),
(1114, 51, 25, 5.1, 51, 0, 0),
(1115, 4456, 140, 30.94, 73.07, 9, 22),
(1116, 39, 12, 4.33, 42.85, 0, 0),
(1117, 455, 65, 25.27, 85.2, 0, 1),
(1118, 7870, 124, 23.49, 116.29, 6, 38),
(1119, 145, 37, 14.5, 121.84, 0, 0),
(1120, 4, 4, 4, 44.44, 0, 0),
(1121, 2732, 102, 35.94, 86.67, 2, 19),
(1122, 326, 47, 12.07, 75.99, 0, 0),
(1123, 0, 0, 0, 0, 0, 0),
(1124, 7177, 144, 31.75, 75.42, 7, 48),
(1125, 118, 26, 19.66, 103.5, 0, 0),
(1126, 442, 62, 23.26, 101.14, 0, 1),
(1127, 396, 100, 22, 117.15, 1, 0),
(1128, 9, 9, 9, 69.23, 0, 0),
(1129, 18, 10, 6, 69.23, 0, 0),
(1130, 7, 7, 7, 116.66, 0, 0),
(1131, 34, 14, 11.33, 31.19, 0, 0),
(1132, 6, 6, 3, 35.29, 0, 0),
(1133, 64, 21, 12.8, 66.66, 0, 0),
(1134, 63, 58, 21, 114.54, 0, 1),
(1135, 276, 67, 69, 131.42, 0, 3),
(1136, 289, 57, 22.23, 106.64, 0, 3),
(1137, 3, 3, 3, 60, 0, 0),
(1138, 71, 41, 35.5, 154.34, 0, 0),
(1139, 1, 1, 1, 33.33, 0, 0),
(1140, 7440, 149, 52.39, 97.22, 19, 43),
(1141, 5165, 153, 54.94, 88.86, 18, 26),
(1142, 34, 23, 11.33, 79.06, 0, 0),
(1143, 146, 31, 20.85, 114.06, 0, 0),
(1144, 1482, 135, 43.58, 88.42, 6, 4),
(1145, 3583, 150, 38.94, 83.4, 3, 20),
(1146, 1892, 126, 33.78, 85.3, 3, 11),
(1147, 52, 23, 13, 76.47, 0, 0),
(1148, 540, 47, 28.42, 129.49, 0, 0),
(1149, 201, 25, 8.73, 76.71, 0, 0),
(1150, 344, 56, 22.93, 78.71, 0, 1),
(1151, 0, 0, 0, 0, 0, 0),
(1152, 111, 23, 10.09, 71.15, 0, 0),
(1153, 160, 78, 32, 142.85, 0, 2),
(1154, 242, 35, 8.06, 61.89, 0, 0),
(1155, 3588, 139, 40.31, 84.78, 1, 25),
(1156, 1767, 102, 31.55, 69.51, 3, 10),
(1157, 2052, 111, 30.17, 74.26, 2, 12),
(1158, 9183, 160, 38.58, 85.64, 19, 41),
(1159, 126, 17, 9, 65.28, 0, 0),
(1160, 12472, 144, 33.61, 78.98, 18, 77),
(1161, 115, 60, 14.37, 65.34, 0, 1),
(1162, 1137, 73, 15.16, 81.04, 0, 3),
(1163, 9, 4, 2.25, 21.42, 0, 0),
(1164, 442, 56, 7.24, 76.33, 0, 1),
(1165, 197, 43, 21.88, 124.68, 0, 0),
(1166, 1051, 80, 18.12, 110.39, 0, 5),
(1167, 127, 31, 25.4, 95.48, 0, 0),
(1168, 13490, 169, 40.63, 77.75, 20, 92),
(1169, 273, 42, 14.36, 96.8, 0, 0),
(1170, 287, 64, 16.88, 52.95, 0, 1),
(1171, 73, 31, 24.33, 100, 0, 0),
(1172, 26, 20, 8.66, 89.65, 0, 0),
(1173, 29, 19, 9.66, 87.87, 0, 0),
(1174, 149, 35, 16.55, 56.22, 0, 0),
(1175, 65, 21, 7.22, 46.76, 0, 0),
(1176, 2, 1, 0, 100, 0, 0),
(1177, 21, 21, 10.5, 123.52, 0, 0),
(1178, 321, 52, 40.12, 53.85, 0, 3),
(1179, 0, 0, 0, 0, 0, 0),
(1180, 5, 4, 2.5, 25, 0, 0),
(1181, 53, 30, 17.66, 92.98, 0, 0),
(1182, 37, 20, 18.5, 105.71, 0, 0),
(1183, 32, 28, 16, 59.25, 0, 0),
(1184, 68, 32, 22.66, 128.3, 0, 0),
(1185, 132, 22, 14.66, 81.98, 0, 0),
(1186, 4257, 126, 32.74, 74.11, 7, 23),
(1187, 110, 31, 7.85, 69.62, 0, 0),
(1188, 2171, 124, 32.4, 70.69, 2, 16),
(1189, 2223, 116, 28.87, 0, 2, 13),
(1190, 0, 0, 0, 0, 0, 0),
(1191, 8870, 153, 37.26, 84.32, 21, 46),
(1192, 282, 36, 10.84, 79.43, 0, 0),
(1193, 1759, 169, 25.49, 82.77, 2, 6),
(1194, 216, 34, 13.5, 52.17, 0, 0),
(1195, 736, 92, 27.25, 123.48, 0, 3),
(1196, 1616, 84, 23.76, 100, 0, 7),
(1197, 1785, 122, 31.31, 71.14, 1, 15),
(1198, 1431, 97, 19.08, 93.59, 0, 8),
(1199, 217, 43, 8.34, 87.85, 0, 0),
(1200, 3390, 90, 24.92, 81.31, 0, 18),
(1201, 340, 45, 16.19, 54.4, 0, 0),
(1202, 76, 23, 15.2, 58.01, 0, 0),
(1203, 391, 65, 23, 110.45, 0, 3),
(1204, 702, 85, 35.1, 77.65, 0, 5),
(1205, 21, 12, 4.2, 45.65, 0, 0),
(1206, 3961, 178, 28.29, 73.88, 3, 25),
(1207, 2205, 90, 22.05, 72.31, 0, 13),
(1208, 482, 96, 22.95, 52.85, 0, 3),
(1209, 165, 33, 8.68, 54.09, 0, 0),
(1210, 129, 16, 5.6, 41.21, 0, 0),
(1211, 578, 141, 28.9, 73.63, 1, 1),
(1212, 4825, 145, 33.27, 72.5, 6, 31),
(1213, 1385, 68, 16.89, 58.09, 0, 4),
(1214, 1782, 78, 31.26, 77.41, 0, 17);

-- --------------------------------------------------------

--
-- Table structure for table `bowling`
--

CREATE TABLE IF NOT EXISTS `bowling` (
  `playerId` bigint(20) NOT NULL,
  `wickets` bigint(20) NOT NULL,
  `best` varchar(10) NOT NULL,
  `average` float NOT NULL,
  `economy` float NOT NULL,
  `four` bigint(20) NOT NULL,
  `five` bigint(20) NOT NULL
) ENGINE=InnoDB DEFAULT CHARSET=latin1;

--
-- Dumping data for table `bowling`
--

INSERT INTO `bowling` (`playerId`, `wickets`, `best`, `average`, `economy`, `four`, `five`) VALUES
(1000, 21, '3/23', 28.9, 6.97, 0, 0),
(1001, 0, '-', 0, 0, 0, 0),
(1002, 3, '2/34', 33, 8.36, 0, 0),
(1003, 0, '-', 0, 0, 0, 0),
(1004, 12, '3/21', 23.83, 7.36, 0, 0),
(1005, 0, '-', 0, 8.6, 0, 0),
(1006, 22, '4/22', 14.45, 6.21, 1, 0),
(1007, 0, '-', 0, 0, 0, 0),
(1008, 6, '2/6', 38.16, 6.3, 0, 0),
(1009, 0, '-', 0, 0, 0, 0),
(1010, 0, '-', 0, 1, 0, 0),
(1011, 4, '3/23', 20, 8, 0, 0),
(1012, 22, '5/13', 19.68, 6.12, 1, 1),
(1013, 19, '2/19', 21.68, 6.98, 0, 0),
(1014, 1, '1/21', 34, 5.36, 0, 0),
(1015, 0, '-', 0, 0, 0, 0),
(1016, 6, '3/33', 22.33, 11.16, 0, 0),
(1017, 0, '-', 0, 0, 0, 0),
(1018, 6, '6/56', 9.33, 3.29, 0, 1),
(1019, 56, '5/35', 38.07, 5, 1, 1),
(1020, 0, '-', 0, 0, 0, 0),
(1021, 13, '3/28', 32.53, 5.71, 0, 0),
(1022, 55, '4/28', 39.16, 4.73, 3, 0),
(1023, 48, '4/48', 32.2, 5.65, 2, 0),
(1024, 0, '-', 0, 13.5, 0, 0),
(1025, 0, '-', 0, 0, 0, 0),
(1026, 10, '5/31', 23.1, 4.89, 0, 1),
(1027, 221, '6/31', 25.72, 4.82, 8, 3),
(1028, 5, '2/23', 50.2, 5.34, 0, 0),
(1029, 24, '4/63', 41.54, 5.39, 1, 0),
(1030, 27, '3/16', 32.44, 5.2, 0, 0),
(1031, 59, '6/43', 20.11, 4.97, 5, 4),
(1032, 0, '-', 0, 8, 0, 0),
(1033, 164, '4/36', 31.21, 4.91, 3, 0),
(1034, 183, '6/26', 30.51, 4.67, 5, 1),
(1035, 17, '4/51', 26, 5.55, 2, 0),
(1036, 0, '-', 0, 0, 0, 0),
(1037, 3, '2/17', 8.33, 5, 0, 0),
(1038, 67, '3/4', 42.14, 5.07, 0, 0),
(1039, 7, '2/13', 25, 4.86, 0, 0),
(1040, 0, '-', 0, 0, 0, 0),
(1041, 3, '2/3', 100.33, 5, 0, 0),
(1042, 69, '6/26', 32.36, 5.58, 4, 1),
(1043, 1, '1/3', 16, 5.33, 0, 0),
(1044, 182, '4/16', 27.92, 4.26, 5, 0),
(1045, 18, '5/47', 41.05, 3.48, 0, 1),
(1046, 4, '4/11', 2.75, 1.57, 1, 0),
(1047, 0, '-', 0, 13, 0, 0),
(1048, 1, '1/24', 24, 6, 0, 0),
(1049, 0, '-', 0, 0, 0, 0),
(1050, 12, '2/34', 42.5, 4.85, 0, 0),
(1051, 261, '5/23', 28.72, 4.92, 11, 2),
(1052, 0, '-', 0, 0, 0, 0),
(1053, 6, '3/9', 14.66, 6, 0, 0),
(1054, 38, '4/38', 38.97, 4.92, 1, 0),
(1055, 168, '5/23', 28.86, 5.23, 9, 1),
(1056, 0, '-', 0, 0, 0, 0),
(1057, 72, '5/33', 28.63, 4.85, 3, 1),
(1058, 0, '-', 0, 0, 0, 0),
(1059, 33, '5/29', 30.09, 5.7, 0, 1),
(1060, 11, '2/15', 63.18, 5.74, 0, 0),
(1061, 0, '-', 0, 0, 0, 0),
(1062, 59, '4/41', 27.81, 4.77, 3, 0),
(1063, 38, '6/45', 31.1, 5.81, 2, 2),
(1064, 1, '1/14', 31, 5.16, 0, 0),
(1065, 120, '3/24', 32.64, 4.9, 0, 0),
(1066, 10, '6/4', 15.1, 4.62, 0, 1),
(1067, 0, '-', 0, 0, 0, 0),
(1068, 134, '5/36', 32.29, 4.79, 5, 1),
(1069, 4, '1/15', 145.5, 6.22, 0, 0),
(1070, 45, '4/8', 37.15, 4.62, 1, 0),
(1071, 69, '4/36', 26.68, 5.73, 4, 0),
(1072, 38, '7/75', 27.44, 2.21, 1, 2),
(1073, 0, '-', 0, 0, 0, 0),
(1074, 31, '3/34', 49, 5.09, 0, 0),
(1075, 0, '-', 0, 0, 0, 0),
(1076, 106, '4/34', 31.25, 5.69, 5, 0),
(1077, 8, '2/27', 60.37, 5.09, 0, 0),
(1078, 49, '4/53', 36.44, 5.9, 1, 0),
(1079, 0, '-', 0, 0, 0, 0),
(1080, 2, '2/25', 47.5, 3.39, 0, 0),
(1081, 11, '5/89', 15.72, 3.73, 0, 1),
(1082, 32, '4/11', 18.75, 7.05, 3, 0),
(1083, 33, '4/20', 16.33, 6.21, 1, 0),
(1084, 0, '-', 0, 0, 0, 0),
(1085, 2, '2/26', 25, 10, 0, 0),
(1086, 4, '2/11', 23.5, 6.71, 0, 0),
(1087, 26, '3/35', 21.15, 7, 0, 0),
(1088, 0, '-', 0, 0, 0, 0),
(1089, 16, '3/20', 20.68, 7.35, 0, 0),
(1090, 12, '3/21', 28.83, 6.92, 0, 0),
(1091, 1, '1/9', 14, 7, 0, 0),
(1092, 0, '-', 0, 0, 0, 0),
(1093, 6, '6/110', 18.33, 3.64, 1, 0),
(1094, 7, '2/24', 25.57, 7.25, 0, 0),
(1095, 0, '-', 0, 0, 0, 0),
(1096, 27, '5/63', 29.92, 6.19, 1, 1),
(1097, 10, '2/40', 49.4, 5.01, 0, 0),
(1098, 20, '4/31', 28.2, 5.01, 1, 0),
(1099, 2, '2/7', 39, 5.14, 0, 0),
(1100, 0, '-', 0, 0, 0, 0),
(1101, 17, '2/24', 25.88, 7.67, 0, 0),
(1102, 52, '4/16', 21.55, 6.74, 2, 0),
(1103, 237, '5/25', 26.94, 4.73, 8, 1),
(1104, 4, '2/22', 49.25, 8.2, 0, 0),
(1105, 0, '-', 0, 0, 0, 0),
(1106, 110, '5/33', 31.34, 5.19, 4, 1),
(1107, 0, '-', 0, 5, 0, 0),
(1108, 289, '5/7', 32.01, 4.12, 7, 2),
(1109, 24, '4/22', 33, 5.51, 1, 0),
(1110, 0, '-', 0, 7.5, 0, 0),
(1111, 1, '1/22', 111, 7.31, 0, 0),
(1112, 1, '1/32', 49, 4.9, 0, 0),
(1113, 0, '-', 0, 0, 0, 0),
(1114, 75, '4/12', 25.9, 5.14, 3, 0),
(1115, 122, '3/17', 35.02, 4.06, 0, 0),
(1116, 54, '4/33', 29.51, 4.85, 1, 0),
(1117, 0, '-', 0, 0, 0, 0),
(1118, 391, '7/12', 33.89, 4.62, 4, 9),
(1119, 0, '-', 0, 12, 0, 0),
(1120, 6, '3/30', 33.16, 4.71, 0, 0),
(1121, 0, '-', 0, 0, 0, 0),
(1122, 61, '5/46', 32.09, 5.64, 1, 1),
(1123, 2, '2/51', 25.5, 5.1, 0, 0),
(1124, 3, '1/3', 90.33, 5.97, 0, 0),
(1125, 4, '1/23', 41, 7.13, 0, 0),
(1126, 5, '3/25', 14.2, 6.45, 0, 0),
(1127, 9, '2/13', 19.88, 6.97, 0, 0),
(1128, 0, '-', 0, 0, 0, 0),
(1129, 0, '-', 0, 0, 0, 0),
(1130, 3, '3/23', 7.66, 5.75, 0, 0),
(1131, 15, '8/82', 37.8, 4.15, 0, 1),
(1132, 0, '-', 0, 0, 0, 0),
(1133, 28, '3/20', 16.85, 6.29, 0, 0),
(1134, 0, '-', 0, 0, 0, 0),
(1135, 3, '3/23', 36, 6.54, 0, 0),
(1136, 2, '2/17', 41.5, 7.54, 0, 0),
(1137, 4, '1/11', 39.25, 8.33, 0, 0),
(1138, 1, '1/16', 83, 8.3, 0, 0),
(1139, 9, '3/40', 16.11, 9.06, 0, 0),
(1140, 3, '2/28', 35, 6.56, 0, 0),
(1141, 0, '-', 0, 0, 0, 0),
(1142, 5, '2/21', 54.2, 4.34, 0, 0),
(1143, 0, '-', 0, 8, 0, 0),
(1144, 0, '-', 0, 0, 0, 0),
(1145, 45, '3/31', 41.71, 5.06, 0, 0),
(1146, 2, '1/8', 71, 5.68, 0, 0),
(1147, 51, '4/38', 21.27, 4.41, 3, 0),
(1148, 0, '-', 0, 0, 0, 0),
(1149, 150, '5/21', 24.46, 4.94, 6, 2),
(1150, 59, '5/48', 30.2, 5.51, 1, 2),
(1151, 6, '3/25', 26, 8.66, 0, 0),
(1152, 32, '4/12', 23.5, 4.68, 2, 0),
(1153, 0, '-', 0, 0, 0, 0),
(1154, 149, '6/39', 25.34, 4.81, 4, 3),
(1155, 91, '6/20', 34.79, 4.52, 1, 1),
(1156, 1, '1/25', 41, 4.92, 0, 0),
(1157, 0, '-', 0, 0, 0, 0),
(1158, 95, '4/4', 44.29, 4.79, 3, 0),
(1159, 70, '4/20', 30.87, 4.36, 1, 0),
(1160, 8, '2/56', 70.37, 5.69, 0, 0),
(1161, 0, '-', 0, 6.6, 0, 0),
(1162, 174, '5/22', 34.29, 4.79, 3, 1),
(1163, 44, '4/30', 27.25, 5.34, 1, 0),
(1164, 271, '6/38', 27.21, 5.21, 9, 7),
(1165, 6, '3/24', 19.33, 6.44, 0, 0),
(1166, 110, '6/44', 29.32, 5.6, 3, 3),
(1167, 30, '3/17', 30.56, 5.76, 0, 0),
(1168, 0, '-', 0, 0, 0, 0),
(1169, 49, '4/13', 33.59, 4.62, 1, 0),
(1170, 32, '0', 30.46, 3.06, 1, 2),
(1171, 1, '1/8', 8, 8, 0, 0),
(1172, 0, '-', 0, 0, 0, 0),
(1173, 1, '1/18', 57, 7.12, 0, 0),
(1174, 0, '-', 0, 0, 0, 0),
(1175, 11, '5/76', 37.36, 3.87, 0, 0),
(1176, 2, '2/18', 28.5, 7.12, 0, 0),
(1177, 2, '2/19', 38.5, 8.88, 0, 0),
(1178, 12, '3/45', 33.66, 5.31, 0, 0),
(1179, 2, '1/79', 94.5, 3.78, 0, 0),
(1180, 6, '6/75', 20, 2.36, 0, 1),
(1181, 0, '-', 0, 0, 0, 0),
(1182, 0, '-', 0, 5.56, 0, 0),
(1183, 0, '-', 0, 0, 0, 0),
(1184, 0, '-', 0, 0, 0, 0),
(1185, 30, '4/13', 32.46, 5.49, 1, 0),
(1186, 82, '3/25', 45.14, 4.78, 0, 0),
(1187, 32, '4/18', 35.15, 4.48, 3, 0),
(1188, 0, '-', 0, 0, 0, 0),
(1189, 35, '6/106', 22.82, 3.06, 1, 1),
(1190, 8, '3/28', 22.87, 9.07, 0, 0),
(1191, 158, '5/46', 35.65, 4.75, 3, 1),
(1192, 73, '5/27', 26.49, 4.1, 4, 1),
(1193, 0, '-', 0, 0, 0, 0),
(1194, 98, '6/27', 26.85, 4.9, 2, 3),
(1195, 49, '4/35', 31.53, 5.6, 5, 0),
(1196, 79, '4/26', 45.24, 4.57, 1, 0),
(1197, 1, '1/3', 160, 6.4, 0, 0),
(1198, 60, '5/45', 37.63, 5.04, 3, 1),
(1199, 106, '5/48', 27.87, 4.96, 3, 1),
(1200, 96, '4/28', 42.01, 5.87, 1, 0),
(1201, 0, '-', 0, 0, 0, 0),
(1202, 27, '3/44', 34.33, 5.02, 0, 0),
(1203, 5, '1/14', 31.6, 7.96, 0, 0),
(1204, 0, '-', 0, 0, 0, 0),
(1205, 11, '2/36', 38.54, 4.98, 0, 0),
(1206, 36, '3/39', 37.88, 5.25, 0, 0),
(1207, 16, '2/25', 48.62, 5.07, 0, 0),
(1208, 5, '1/10', 123, 3.75, 0, 0),
(1209, 55, '4/39', 26.29, 4.89, 3, 0),
(1210, 41, '3/28', 42.68, 5.67, 0, 0),
(1211, 3, '2/25', 47.66, 5.95, 0, 0),
(1212, 9, '3/54', 45.11, 6.15, 0, 0),
(1213, 130, '5/36', 46.5, 4.34, 2, 1),
(1214, 22, '3/23', 56.95, 4.76, 0, 0);

-- --------------------------------------------------------

--
-- Table structure for table `confirmedp11`
--

CREATE TABLE IF NOT EXISTS `confirmedp11` (
  `teamId` bigint(20) NOT NULL,
  `playerId` bigint(20) NOT NULL
) ENGINE=InnoDB DEFAULT CHARSET=latin1;

-- --------------------------------------------------------

--
-- Table structure for table `confirmedsquad`
--

CREATE TABLE IF NOT EXISTS `confirmedsquad` (
  `teamId` bigint(20) NOT NULL,
  `playerId` bigint(20) NOT NULL,
  `form` bigint(20) NOT NULL,
  `confidence` bigint(20) NOT NULL
) ENGINE=InnoDB DEFAULT CHARSET=latin1;

-- --------------------------------------------------------

--
-- Table structure for table `fielding`
--

CREATE TABLE IF NOT EXISTS `fielding` (
  `playerId` bigint(20) NOT NULL,
  `innings` bigint(20) NOT NULL,
  `catches` bigint(20) NOT NULL,
  `stumpings` bigint(20) NOT NULL
) ENGINE=InnoDB DEFAULT CHARSET=latin1;

--
-- Dumping data for table `fielding`
--

INSERT INTO `fielding` (`playerId`, `innings`, `catches`, `stumpings`) VALUES
(1000, 23, 13, 0),
(1001, 1, 0, 1),
(1002, 2, 0, 0),
(1003, 11, 2, 0),
(1004, 7, 3, 0),
(1005, 11, 5, 0),
(1006, 9, 1, 0),
(1007, 1, 0, 0),
(1008, 15, 5, 0),
(1009, 6, 2, 0),
(1010, 2, 0, 0),
(1011, 24, 12, 0),
(1012, 23, 6, 0),
(1013, 9, 4, 0),
(1014, 14, 4, 0),
(1015, 1, 0, 0),
(1016, 1, 1, 0),
(1017, 12, 1, 0),
(1018, 2, 1, 0),
(1019, 217, 101, 0),
(1020, 52, 29, 0),
(1021, 5, 2, 0),
(1022, 22, 17, 0),
(1023, 27, 10, 0),
(1024, 22, 5, 0),
(1025, 108, 152, 11),
(1026, 1, 0, 0),
(1027, 86, 31, 0),
(1028, 12, 7, 0),
(1029, 37, 22, 0),
(1030, 36, 30, 0),
(1031, 13, 5, 0),
(1032, 51, 18, 0),
(1033, 159, 62, 0),
(1034, 110, 44, 0),
(1035, 5, 1, 0),
(1036, 25, 9, 0),
(1037, 1, 0, 0),
(1038, 94, 34, 0),
(1039, 22, 4, 0),
(1040, 129, 104, 36),
(1041, 36, 19, 0),
(1042, 28, 9, 0),
(1043, 4, 1, 0),
(1044, 135, 36, 0),
(1045, 60, 28, 0),
(1046, 0, 0, 0),
(1047, 134, 34, 0),
(1048, 0, 0, 0),
(1049, 124, 55, 0),
(1050, 14, 8, 0),
(1051, 75, 52, 0),
(1052, 11, 7, 0),
(1053, 148, 49, 0),
(1054, 106, 34, 0),
(1055, 59, 25, 0),
(1056, 39, 61, 7),
(1057, 19, 10, 0),
(1058, 33, 19, 0),
(1059, 15, 11, 0),
(1060, 42, 15, 0),
(1061, 8, 2, 0),
(1062, 25, 13, 0),
(1063, 20, 14, 0),
(1064, 221, 229, 85),
(1065, 50, 26, 0),
(1066, 5, 0, 0),
(1067, 50, 21, 0),
(1068, 75, 38, 0),
(1069, 140, 69, 0),
(1070, 22, 15, 0),
(1071, 17, 11, 0),
(1072, 16, 7, 0),
(1073, 44, 22, 0),
(1074, 177, 90, 0),
(1075, 1, 2, 0),
(1076, 27, 17, 0),
(1077, 121, 43, 0),
(1078, 14, 7, 0),
(1079, 36, 15, 0),
(1080, 13, 6, 0),
(1081, 5, 1, 0),
(1082, 18, 7, 0),
(1083, 3, 7, 0),
(1084, 15, 5, 0),
(1085, 0, 0, 0),
(1086, 20, 13, 0),
(1087, 33, 14, 0),
(1088, 20, 12, 8),
(1089, 5, 8, 0),
(1090, 26, 7, 0),
(1091, 2, 1, 0),
(1092, 29, 18, 3),
(1093, 1, 0, 0),
(1094, 2, 1, 0),
(1095, 205, 248, 15),
(1096, 20, 3, 0),
(1097, 7, 1, 0),
(1098, 42, 8, 0),
(1099, 91, 40, 0),
(1100, 23, 11, 1),
(1101, 4, 4, 0),
(1102, 35, 21, 0),
(1103, 99, 40, 0),
(1104, 3, 1, 0),
(1105, 12, 10, 1),
(1106, 46, 19, 0),
(1107, 133, 96, 0),
(1108, 179, 81, 0),
(1109, 56, 25, 0),
(1110, 140, 63, 0),
(1111, 56, 21, 0),
(1112, 1, 0, 0),
(1113, 3, 1, 0),
(1114, 20, 5, 0),
(1115, 153, 54, 0),
(1116, 22, 8, 0),
(1117, 23, 28, 10),
(1118, 361, 124, 0),
(1119, 12, 3, 0),
(1120, 1, 0, 0),
(1121, 91, 65, 13),
(1122, 35, 14, 0),
(1123, 0, 0, 0),
(1124, 249, 133, 0),
(1125, 9, 6, 0),
(1126, 20, 10, 0),
(1127, 19, 3, 0),
(1128, 1, 0, 0),
(1129, 3, 1, 2),
(1130, 1, 1, 0),
(1131, 10, 1, 0),
(1132, 2, 0, 0),
(1133, 12, 4, 0),
(1134, 3, 0, 0),
(1135, 6, 2, 0),
(1136, 14, 5, 0),
(1137, 3, 0, 0),
(1138, 4, 4, 0),
(1139, 1, 0, 0),
(1140, 171, 146, 4),
(1141, 102, 49, 0),
(1142, 3, 2, 0),
(1143, 12, 6, 0),
(1144, 35, 57, 2),
(1145, 120, 53, 0),
(1146, 61, 39, 0),
(1147, 11, 7, 0),
(1148, 27, 19, 0),
(1149, 36, 25, 0),
(1150, 23, 5, 0),
(1151, 0, 0, 0),
(1152, 15, 5, 0),
(1153, 6, 3, 0),
(1154, 40, 22, 0),
(1155, 125, 36, 0),
(1156, 65, 29, 0),
(1157, 81, 32, 2),
(1158, 278, 110, 1),
(1159, 28, 11, 0),
(1160, 410, 216, 0),
(1161, 9, 1, 0),
(1162, 108, 40, 0),
(1163, 12, 5, 0),
(1164, 87, 25, 0),
(1165, 12, 4, 0),
(1166, 70, 38, 0),
(1167, 11, 1, 0),
(1168, 370, 392, 96),
(1169, 29, 17, 0),
(1170, 21, 6, 0),
(1171, 3, 2, 0),
(1172, 3, 0, 0),
(1173, 3, 1, 0),
(1174, 9, 5, 1),
(1175, 13, 4, 0),
(1176, 2, 1, 0),
(1177, 2, 1, 0),
(1178, 12, 4, 0),
(1179, 2, 1, 0),
(1180, 2, 0, 0),
(1181, 3, 0, 0),
(1182, 3, 0, 0),
(1183, 2, 4, 2),
(1184, 3, 1, 0),
(1185, 14, 6, 0),
(1186, 154, 44, 0),
(1187, 19, 3, 0),
(1188, 76, 25, 0),
(1189, 80, 52, 0),
(1190, 1, 1, 0),
(1191, 255, 109, 0),
(1192, 35, 12, 0),
(1193, 89, 150, 6),
(1194, 41, 16, 0),
(1195, 33, 9, 0),
(1196, 98, 64, 0),
(1197, 60, 26, 0),
(1198, 80, 28, 0),
(1199, 33, 18, 0),
(1200, 156, 58, 0),
(1201, 22, 13, 0),
(1202, 13, 3, 0),
(1203, 17, 5, 0),
(1204, 23, 3, 0),
(1205, 9, 6, 0),
(1206, 144, 56, 0),
(1207, 109, 37, 0),
(1208, 22, 6, 0),
(1209, 28, 8, 0),
(1210, 31, 7, 0),
(1211, 21, 10, 0),
(1212, 160, 94, 20),
(1213, 129, 48, 0),
(1214, 68, 24, 0);

-- --------------------------------------------------------

--
-- Table structure for table `matchdetailsbatting`
--

CREATE TABLE IF NOT EXISTS `matchdetailsbatting` (
  `playerName` varchar(40) NOT NULL,
  `playerWicketBowler` varchar(40) NOT NULL,
  `runs` int(11) NOT NULL,
  `four` int(11) NOT NULL,
  `six` int(11) NOT NULL,
  `strikeRate` float NOT NULL
) ENGINE=InnoDB DEFAULT CHARSET=latin1;

--
-- Dumping data for table `matchdetailsbatting`
--

INSERT INTO `matchdetailsbatting` (`playerName`, `playerWicketBowler`, `runs`, `four`, `six`, `strikeRate`) VALUES
('AJ Finch', 'Anderson', 0, 0, 0, 0),
('DA Warner', 'Anderson', 12, 2, 0, 66.66),
('SPD Smith', 'Ali', 40, 5, 0, 80),
('GJ Bailey', 'Broad', 2, 0, 0, 11.76),
('GJ Maxwell', 'Broad', 95, 15, 0, 96.93),
('MR Marsh', '(Anderson/ Buttler)', 60, 7, 1, 88.23),
('BJ Haddin', 'Broad', 9, 1, 0, 75),
('JP Faulkner', 'out', 50, 4, 4, 208.33),
('MG Johnson', 'Finn', 3, 0, 0, 30),
('MA Starc', 'out', 0, 0, 0, 0),
('MM Ali', 'Johnson', 26, 5, 0, 86.66),
('IR Bell', 'Hazlewood', 8, 2, 0, 88.88),
('JWA Taylor', 'Johnson', 4, 0, 0, 22.22),
('JE Root', 'Faulkner', 25, 2, 0, 67.56),
('EJG Morgan', 'Johnson', 0, 0, 0, 0),
('RS Bopara', 'Maxwell', 33, 1, 0, 55.93),
('JC Buttler', 'Maxwell', 17, 3, 0, 77.27),
('CR Woakes', 'Maxwell', 0, 0, 0, 0),
('SCJ Broad', 'Maxwell', 24, 2, 2, 120),
('ST Finn', 'Hazlewood', 6, 0, 0, 16.66),
('JM Anderson', 'out', 5, 1, 0, 250);

-- --------------------------------------------------------

--
-- Table structure for table `matchdetailsbowling`
--

CREATE TABLE IF NOT EXISTS `matchdetailsbowling` (
  `playerName` varchar(40) NOT NULL,
  `overs` int(11) NOT NULL,
  `maidens` int(11) NOT NULL,
  `wickets` int(11) NOT NULL,
  `economy` float NOT NULL
) ENGINE=InnoDB DEFAULT CHARSET=latin1;

--
-- Dumping data for table `matchdetailsbowling`
--

INSERT INTO `matchdetailsbowling` (`playerName`, `overs`, `maidens`, `wickets`, `economy`) VALUES
('JM Anderson', 10, 2, 2, 3.8),
('CR Woakes', 10, 0, 0, 8.9),
('SCJ Broad', 10, 1, 3, 5.5),
('ST Finn', 10, 0, 1, 5.3),
('MM Ali', 10, 0, 1, 3.9),
('MA Starc', 7, 0, 0, 5.71),
('JR Hazlewood', 6, 2, 2, 2.1),
('MG Johnson', 7, 2, 3, 3.85),
('MR Marsh', 7, 0, 0, 2.57),
('GJ Maxwell', 9, 0, 4, 5.11),
('JP Faulkner', 2, 1, 1, 4.4),
('AJ Finch', 0, 0, 0, 6);

-- --------------------------------------------------------

--
-- Table structure for table `playerdata`
--

CREATE TABLE IF NOT EXISTS `playerdata` (
  `playerId` bigint(20) NOT NULL,
  `form` bigint(20) NOT NULL,
  `confidence` bigint(20) NOT NULL,
  `cost` bigint(20) NOT NULL
) ENGINE=InnoDB DEFAULT CHARSET=latin1;

--
-- Dumping data for table `playerdata`
--

INSERT INTO `playerdata` (`playerId`, `form`, `confidence`, `cost`) VALUES
(1000, 1000, 1000, 1000),
(1001, 1000, 1000, 1050),
(1002, 1000, 1000, 900),
(1003, 1000, 1000, 900),
(1004, 1000, 1000, 950),
(1005, 1000, 1000, 900),
(1006, 1000, 1000, 1000),
(1007, 1000, 1000, 900),
(1008, 1000, 1000, 950),
(1009, 1000, 1000, 1000),
(1010, 1000, 1000, 1050),
(1011, 1000, 1000, 950),
(1012, 1000, 1000, 1000),
(1013, 1000, 1000, 1000),
(1014, 1000, 1000, 1050),
(1015, 1000, 1000, 750),
(1016, 1000, 1000, 850),
(1017, 1000, 1000, 1050),
(1018, 1000, 1000, 1000),
(1019, 1000, 1000, 1700),
(1020, 1000, 1000, 1300),
(1021, 1000, 1000, 1000),
(1022, 1000, 1000, 1200),
(1023, 1000, 1000, 1100),
(1024, 1000, 1000, 1450),
(1025, 1000, 1000, 1250),
(1026, 1000, 1000, 1000),
(1027, 1000, 1000, 1700),
(1028, 1000, 1000, 950),
(1029, 1000, 1000, 1050),
(1030, 1000, 1000, 1150),
(1031, 1000, 1000, 1150),
(1032, 1000, 1000, 1200),
(1033, 1000, 1000, 1600),
(1034, 1000, 1000, 1650),
(1035, 1000, 1000, 1000),
(1036, 1000, 1000, 1100),
(1037, 1000, 1000, 950),
(1038, 1000, 1000, 1300),
(1039, 1000, 1000, 950),
(1040, 1000, 1000, 1350),
(1041, 1000, 1000, 1000),
(1042, 1000, 1000, 1200),
(1043, 1000, 1000, 950),
(1044, 1000, 1000, 1650),
(1045, 1000, 1000, 1100),
(1046, 1000, 1000, 1050),
(1047, 1000, 1000, 1300),
(1048, 1000, 1000, 950),
(1049, 1000, 1000, 1450),
(1050, 1000, 1000, 1000),
(1051, 1000, 1000, 1700),
(1052, 1000, 1000, 950),
(1053, 1000, 1000, 1450),
(1054, 1000, 1000, 1200),
(1055, 1000, 1000, 1550),
(1056, 1000, 1000, 1150),
(1057, 1000, 1000, 1200),
(1058, 1000, 1000, 1400),
(1059, 1000, 1000, 1050),
(1060, 1000, 1000, 1200),
(1061, 1000, 1000, 1050),
(1062, 1000, 1000, 1200),
(1063, 1000, 1000, 1100),
(1064, 1000, 1000, 1550),
(1065, 1000, 1000, 1400),
(1066, 1000, 1000, 1000),
(1067, 1000, 1000, 1300),
(1068, 1000, 1000, 1500),
(1069, 1000, 1000, 1700),
(1070, 1000, 1000, 1150),
(1071, 1000, 1000, 1200),
(1072, 1000, 1000, 1150),
(1073, 1000, 1000, 1100),
(1074, 1000, 1000, 1600),
(1075, 1000, 1000, 600),
(1076, 1000, 1000, 1350),
(1077, 1000, 1000, 1400),
(1078, 1000, 1000, 1100),
(1079, 1000, 1000, 1100),
(1080, 1000, 1000, 1000),
(1081, 1000, 1000, 1000),
(1082, 1000, 1000, 1050),
(1083, 1000, 1000, 1050),
(1084, 1000, 1000, 1100),
(1085, 1000, 1000, 850),
(1086, 1000, 1000, 950),
(1087, 1000, 1000, 1050),
(1088, 1000, 1000, 1100),
(1089, 1000, 1000, 950),
(1090, 1000, 1000, 1200),
(1091, 1000, 1000, 900),
(1092, 1000, 1000, 1100),
(1093, 1000, 1000, 1000),
(1094, 1000, 1000, 950),
(1095, 1000, 1000, 1700),
(1096, 1000, 1000, 1050),
(1097, 1000, 1000, 1000),
(1098, 1000, 1000, 1050),
(1099, 1000, 1000, 1300),
(1100, 1000, 1000, 1100),
(1101, 1000, 1000, 950),
(1102, 1000, 1000, 1150),
(1103, 1000, 1000, 1700),
(1104, 1000, 1000, 900),
(1105, 1000, 1000, 1050),
(1106, 1000, 1000, 1350),
(1107, 1000, 1000, 1500),
(1108, 1000, 1000, 1700),
(1109, 1000, 1000, 1100),
(1110, 1000, 1000, 1500),
(1111, 1000, 1000, 1150),
(1112, 1000, 1000, 950),
(1113, 1000, 1000, 650),
(1114, 1000, 1000, 1200),
(1115, 1000, 1000, 1350),
(1116, 1000, 1000, 1150),
(1117, 1000, 1000, 1150),
(1118, 1000, 1000, 1700),
(1119, 1000, 1000, 1000),
(1120, 1000, 1000, 1000),
(1121, 1000, 1000, 1200),
(1122, 1000, 1000, 1150),
(1123, 1000, 1000, 950),
(1124, 1000, 1000, 1250),
(1125, 1000, 1000, 1000),
(1126, 1000, 1000, 1050),
(1127, 1000, 1000, 1100),
(1128, 1000, 1000, 750),
(1129, 1000, 1000, 1050),
(1130, 1000, 1000, 950),
(1131, 1000, 1000, 1000),
(1132, 1000, 1000, 600),
(1133, 1000, 1000, 1050),
(1134, 1000, 1000, 1050),
(1135, 1000, 1000, 950),
(1136, 1000, 1000, 1050),
(1137, 1000, 1000, 900),
(1138, 1000, 1000, 900),
(1139, 1000, 1000, 900),
(1140, 1000, 1000, 1700),
(1141, 1000, 1000, 1650),
(1142, 1000, 1000, 1000),
(1143, 1000, 1000, 1050),
(1144, 1000, 1000, 1100),
(1145, 1000, 1000, 1400),
(1146, 1000, 1000, 1050),
(1147, 1000, 1000, 1150),
(1148, 1000, 1000, 1250),
(1149, 1000, 1000, 1500),
(1150, 1000, 1000, 1150),
(1151, 1000, 1000, 900),
(1152, 1000, 1000, 1100),
(1153, 1000, 1000, 1050),
(1154, 1000, 1000, 1500),
(1155, 1000, 1000, 1400),
(1156, 1000, 1000, 1150),
(1157, 1000, 1000, 1150),
(1158, 1000, 1000, 1700),
(1159, 1000, 1000, 1250),
(1160, 1000, 1000, 1700),
(1161, 1000, 1000, 800),
(1162, 1000, 1000, 1650),
(1163, 1000, 1000, 1100),
(1164, 1000, 1000, 1700),
(1165, 1000, 1000, 950),
(1166, 1000, 1000, 1400),
(1167, 1000, 1000, 1050),
(1168, 1000, 1000, 1700),
(1169, 1000, 1000, 1150),
(1170, 1000, 1000, 1100),
(1171, 1000, 1000, 900),
(1172, 1000, 1000, 800),
(1173, 1000, 1000, 900),
(1174, 1000, 1000, 1050),
(1175, 1000, 1000, 1000),
(1176, 1000, 1000, 900),
(1177, 1000, 1000, 900),
(1178, 1000, 1000, 1000),
(1179, 1000, 1000, 1000),
(1180, 1000, 1000, 1000),
(1181, 1000, 1000, 1050),
(1182, 1000, 1000, 950),
(1183, 1000, 1000, 1050),
(1184, 1000, 1000, 1100),
(1185, 1000, 1000, 1050),
(1186, 1000, 1000, 1400),
(1187, 1000, 1000, 1100),
(1188, 1000, 1000, 1150),
(1189, 1000, 1000, 1150),
(1190, 1000, 1000, 900),
(1191, 1000, 1000, 1700),
(1192, 1000, 1000, 1250),
(1193, 1000, 1000, 1250),
(1194, 1000, 1000, 1300),
(1195, 1000, 1000, 1150),
(1196, 1000, 1000, 1350),
(1197, 1000, 1000, 1100),
(1198, 1000, 1000, 1250),
(1199, 1000, 1000, 1350),
(1200, 1000, 1000, 1400),
(1201, 1000, 1000, 1100),
(1202, 1000, 1000, 1050),
(1203, 1000, 1000, 950),
(1204, 1000, 1000, 1100),
(1205, 1000, 1000, 1000),
(1206, 1000, 1000, 1300),
(1207, 1000, 1000, 1150),
(1208, 1000, 1000, 1000),
(1209, 1000, 1000, 1150),
(1210, 1000, 1000, 1100),
(1211, 1000, 1000, 1000),
(1212, 1000, 1000, 1500),
(1213, 1000, 1000, 1550),
(1214, 1000, 1000, 1100);

-- --------------------------------------------------------

--
-- Table structure for table `players`
--

CREATE TABLE IF NOT EXISTS `players` (
  `playerId` bigint(20) NOT NULL,
  `name` varchar(100) NOT NULL,
  `country` varchar(50) NOT NULL,
  `photoUrl` varchar(400) NOT NULL,
  `type` varchar(20) NOT NULL,
  `matches` bigint(20) NOT NULL,
  `captain` varchar(20) NOT NULL,
  `secondName` varchar(40) NOT NULL
) ENGINE=InnoDB DEFAULT CHARSET=latin1;

--
-- Dumping data for table `players`
--

INSERT INTO `players` (`playerId`, `name`, `country`, `photoUrl`, `type`, `matches`, `captain`, `secondName`) VALUES
(1000, 'Mohammad Nabi', 'Afghanistan', './../playerImages/1000.jpg', 'Pace Bowler', 25, 'Captain', ''),
(1001, 'Afsar Zazai', 'Afghanistan', './../playerImages/1001.jpg', 'Wicketkeeper', 1, '', ''),
(1002, 'Aftab Alam', 'Afghanistan', './../playerImages/1002.jpg', 'Pace Bowler', 4, '', ''),
(1003, 'Asghar Stanikzai', 'Afghanistan', './../playerImages/1003.jpg', 'Batsman', 13, '', ''),
(1004, 'Dawlat Zadran', 'Afghanistan', './../playerImages/1004.jpg', 'Pace Bowler', 11, '', ''),
(1005, 'Gulbadin Naib', 'Afghanistan', './../playerImages/1005.jpg', ' All-Rounder', 13, '', ''),
(1006, 'Hamid Hassan', 'Afghanistan', './../playerImages/1006.jpg', ' Pace Bowler', 14, '', ''),
(1007, 'Javed Ahmadi', 'Afghanistan', './../playerImages/1007.jpg', 'Batsman', 2, '', ''),
(1008, 'Mirwais Ashraf', 'Afghanistan', './../playerImages/1008.jpg', 'Pace Bowler', 17, '', ''),
(1009, 'Najibullah Zadran', 'Afghanistan', './../playerImages/1009.jpg', 'Batsman', 8, '', ''),
(1010, 'Nasir Jamal', 'Afghanistan', './../playerImages/1010.jpg', 'All-Rounder', 1, '', ''),
(1011, 'Nawroz Mangal', 'Afghanistan', './../playerImages/1011.jpg', 'Batsman', 24, '', ''),
(1012, 'Samiullah Shenwari', 'Afghanistan', './../playerImages/1012.jpg', 'All-Rounder', 25, '', ''),
(1013, 'Shapoor Zadran', 'Afghanistan', './../playerImages/1013.jpg', 'Pace Bowler', 20, '', ''),
(1014, 'Usman Ghani', 'Afghanistan', './../playerImages/1014.jpg', 'Batsman', 14, '', ''),
(1015, 'Hashmatullah Shaidi', 'Afghanistan', './../playerImages/1015.jpg', 'Batsman', 1, '', ''),
(1016, 'Izatullah Dawlatzai', 'Afghanistan', './../playerImages/1016.jpg', 'Pace Bowler', 4, '', ''),
(1017, 'Shafiqullah', 'Afghanistan', './../playerImages/1017.jpg', 'Wicketkeeper', 12, '', ''),
(1018, 'Sharafuddin Ashraf', 'Afghanistan', './../playerImages/1018.jpg', 'Spin Bowler', 1, '', ''),
(1019, 'Michael Clarke', 'Australia', './../playerImages/1019.jpg', 'Batsman', 238, 'Captain', ''),
(1020, 'George Bailey', 'Australia', './../playerImages/1020.jpg', 'Batsman', 54, '', ''),
(1021, 'Pat Cummins', 'Australia', './../playerImages/1021.jpg', 'Pace Bowler', 9, '', ''),
(1022, 'Xavier Doherty', 'Australia', './../playerImages/1022.jpg', 'Spin Bowler', 58, '', ''),
(1023, 'James Faulkner', 'Australia', './../playerImages/1023.jpg', 'All-Rounder', 35, '', ''),
(1024, 'Aaron Finch', 'Australia', './../playerImages/1024.jpg', 'Batsman', 22, '', ''),
(1025, 'Brad Haddin', 'Australia', './../playerImages/1025.jpg', 'Wicketkeeper', 115, '', ''),
(1026, 'Josh Hazlewood', 'Australia', './../playerImages/1026.jpg', 'Pace Bowler', 6, '', ''),
(1027, 'Mitchell Johnson', 'Australia', './../playerImages/1027.jpg', 'Pace Bowler', 144, '', ''),
(1028, 'Mitchell Marsh', 'Australia', './../playerImages/1028.jpg', 'All-Rounder', 12, '', ''),
(1029, 'Glenn Maxwell', 'Australia', './../playerImages/1029.jpg', 'All-Rounder', 38, '', ''),
(1030, 'Steven Smith', 'Australia', './../playerImages/1030.jpg', 'Batsman', 47, '', 'SPD Smith'),
(1031, 'Mitchell Starc', 'Australia', './../playerImages/1031.jpg', 'Pace Bowler', 30, '', ''),
(1032, 'David Warner', 'Australia', './../playerImages/1032.jpg', 'Batsman', 52, '', ''),
(1033, 'Shane Watson', 'Australia', './../playerImages/1033.jpg', 'Batsman', 180, '', ''),
(1034, 'Mashrafe Mortaza', 'Bangladesh', './../playerImages/1034.jpg', 'Pace Bowler', 144, '', ''),
(1035, 'Al-Amin Hossain', 'Bangladesh', './../playerImages/1035.jpg', ' Pace Bowler', 11, '', ''),
(1036, 'Anamul Haque', 'Bangladesh', './../playerImages/1036.jpg', 'Wicketkeeper', 27, '', ''),
(1037, 'Arafat Sunny', 'Bangladesh', './../playerImages/1037.jpg', ' Pace Bowler', 2, '', ''),
(1038, 'Mahmudullah', 'Bangladesh', './../playerImages/1038.jpg', 'All-Rounder', 110, '', ''),
(1039, 'Mominul Haque', 'Bangladesh', './../playerImages/1039.jpg', 'Batsman', 24, '', ''),
(1040, 'Mushfiqur Rahim', 'Bangladesh', './../playerImages/1040.jpg', 'Wicketkeeper', 140, 'Captain', ''),
(1041, 'Nasir Hossain', 'Bangladesh', './../playerImages/1041.jpg', 'All-Rounder', 41, '', ''),
(1042, 'Rubel Hossain', 'Bangladesh', './../playerImages/1042.jpg', 'Pace Bowler', 53, '', ''),
(1043, 'Sabbir Rahman', 'Bangladesh', './../playerImages/1043.jpg', ' All-Rounder', 5, '', ''),
(1044, 'Shakib Al Hasan', 'Bangladesh', './../playerImages/1044.jpg', 'All-Rounder', 141, '', ''),
(1045, 'Soumya Sarkar', 'Bangladesh', './../playerImages/1045.jpg', 'All-Rounder', 32, '', ''),
(1046, 'Taijul Islam', 'Bangladesh', './../playerImages/1046.jpg', ' Spin Bowler', 1, '', ''),
(1047, 'Tamim Iqbal', 'Bangladesh', './../playerImages/1047.jpg', 'Batsman', 135, '', ''),
(1048, 'Taskin Ahmed', 'Bangladesh', './../playerImages/1048.jpg', ' Pace Bowler', 2, '', ''),
(1049, 'Eoin Morgan', 'England', './../playerImages/1049.jpg', 'Batsman', 132, '', ''),
(1050, 'Moeen Ali', 'England', './../playerImages/1050.jpg', 'All-Rounder', 14, '', 'MM Ali'),
(1051, 'James Anderson', 'England', './../playerImages/1051.jpg', 'Pace Bowler', 185, '', 'JM Anderson'),
(1052, 'Gary Ballance', 'England', './../playerImages/1052.jpg', 'Batsman', 12, '', ''),
(1053, 'Ian Bell', 'England', './../playerImages/1053.jpg', 'Batsman', 152, '', ''),
(1054, 'Ravi Bopara', 'England', './../playerImages/1054.jpg', 'All-Rounder', 116, '', ''),
(1055, 'Stuart Broad', 'England', './../playerImages/1055.jpg', 'Pace Bowler', 110, '', ''),
(1056, 'Jos Buttler', 'England', './../playerImages/1056.jpg', 'Wicketkeeper', 46, '', ''),
(1057, 'Steven Finn', 'England', './../playerImages/1057.jpg', 'Pace Bowler', 49, '', ''),
(1058, 'Alex Hales', 'England', './../playerImages/1058.jpg', 'Batsman', 33, '', ''),
(1059, 'Chris Jordan', 'England', './../playerImages/1059.jpg', 'Pace Bowler', 20, '', ''),
(1060, 'Joe Root', 'England', './../playerImages/1060.jpg', 'Batsman', 45, '', ''),
(1061, 'James Taylor', 'England', './../playerImages/1061.jpg', 'Batsman', 8, '', 'JWA Taylor'),
(1062, 'James Tredwell', 'England', './../playerImages/1062.jpg', 'Spin Bowler', 44, '', ''),
(1063, 'Chris Woakes', 'England', './../playerImages/1063.jpg', 'All-Rounder', 26, '', ''),
(1064, 'MS Dhoni', 'India', './../playerImages/1064.jpg', 'Wicketkeeper', 252, 'Captain', ''),
(1065, 'Ravichandran Ashwin', 'India', './../playerImages/1065.jpg', 'Spin Bowler', 88, '', ''),
(1066, 'Stuart Binny', 'India', './../playerImages/1066.jpg', 'All-Rounder', 7, '', ''),
(1067, 'Shikhar Dhawan', 'India', './../playerImages/1067.jpg', 'Batsman', 51, '', ''),
(1068, 'Ravindra Jadeja', 'India', './../playerImages/1068.jpg', 'All-Rounder', 109, '', ''),
(1069, 'Virat Kohli', 'India', './../playerImages/1069.jpg', 'Batsman', 148, '', ''),
(1070, 'Bhuvneshwar Kumar', 'India', './../playerImages/1070.jpg', 'Pace Bowler', 44, '', ''),
(1071, 'Mohammed Shami', 'India', './../playerImages/1071.jpg', 'Pace Bowler', 38, '', ''),
(1072, 'Axar Patel', 'India', './../playerImages/1072.jpg', ' All-Rounder', 11, '', ''),
(1073, 'Ajinkya Rahane', 'India', './../playerImages/1073.jpg', 'Batsman', 44, '', ''),
(1074, 'Suresh Raina', 'India', './../playerImages/1074.jpg', 'Batsman', 205, '', ''),
(1075, 'Ambati Rayudu', 'India', './../playerImages/1075.jpg', 'Batsman', 1, '', ''),
(1076, 'Ishant Sharma', 'India', './../playerImages/1076.jpg', 'Pace Bowler', 75, '', 'I Sharma'),
(1077, 'Rohit Sharma', 'India', './../playerImages/1077.jpg', 'Batsman', 127, '', 'RG Sharma'),
(1078, 'Umesh Yadav', 'India', './../playerImages/1078.jpg', 'Pace Bowler', 40, '', ''),
(1079, 'William Porterfield', 'Ireland', './../playerImages/1079.jpg', 'Batsman', 37, 'Captain', ''),
(1080, 'Andy Balbirnie', 'Ireland', './../playerImages/1080.jpg', ' Wicketkeeper', 9, '', ''),
(1081, 'Peter Chase', 'Ireland', './../playerImages/1081.jpg', 'Pace Bowler ', 3, '', ''),
(1082, 'Alex Cusack', 'Ireland', './../playerImages/1082.jpg', ' All-Rounder', 30, '', ''),
(1083, 'George Dockrell', 'Ireland', './../playerImages/1083.jpg', 'Spin Bowler', 26, '', ''),
(1084, 'Ed Joyce', 'Ireland', './../playerImages/1084.jpg', 'Batsman', 18, '', ''),
(1085, 'Andy McBrine', 'Ireland', './../playerImages/1085.jpg', ' Spin Bowler', 2, '', ''),
(1086, 'John Mooney', 'Ireland', './../playerImages/1086.jpg', 'All-Rounder', 23, '', ''),
(1087, 'Kevin O''Brien', 'Ireland', './../playerImages/1087.jpg', ' All-Rounder', 37, '', 'KJ O''Brien'),
(1088, 'Niall O''Brien', 'Ireland', './../playerImages/1088.jpg', 'Wicketkeeper', 21, '', 'NJ O''Brien'),
(1089, 'Max Sorensen', 'Ireland', './../playerImages/1089.jpg', 'Pace Bowler', 16, '', ''),
(1090, 'Paul Stirling', 'Ireland', './../playerImages/1090.jpg', 'Batsman', 26, '', ''),
(1091, 'Stuart Thompson', 'Ireland', './../playerImages/1091.jpg', 'All-Rounder', 5, '', ''),
(1092, 'Gary Wilson', 'Ireland', './../playerImages/1092.jpg', 'Wicketkeeper', 34, '', ''),
(1093, 'Craig Young', 'Ireland', './../playerImages/1093.jpg', 'Pace Bowler', 1, '', ''),
(1094, 'Tim Murtagh', 'Ireland', './../playerImages/1094.jpg', 'Pace Bowler', 7, '', ''),
(1095, 'Brendon McCullum', 'New Zealand', './../playerImages/1095.jpg', 'Batsman', 236, 'Captain', 'BB McCullum'),
(1096, 'Corey Anderson', 'New Zealand', './../playerImages/1096.jpg', 'All-Rounder', 22, '', 'CJ Anderson'),
(1097, 'Trent Boult', 'New Zealand', './../playerImages/1097.jpg', 'Pace Bowler', 12, '', ''),
(1098, 'Grant Elliott', 'New Zealand', './../playerImages/1098.jpg', 'All-Rounder', 53, '', ''),
(1099, 'Martin Guptill', 'New Zealand', './../playerImages/1099.jpg', 'Batsman', 94, '', ''),
(1100, 'Tom Latham', 'New Zealand', './../playerImages/1100.jpg', 'Wicketkeeper', 24, '', ''),
(1101, 'Mitchell McClenaghan', 'New Zealand', './../playerImages/1101.jpg', 'Pace Bowler', 16, '', ''),
(1102, 'Nathan McCullum', 'New Zealand', './../playerImages/1102.jpg', 'All-Rounder', 57, '', 'NL McCullum'),
(1103, 'Kyle Mills', 'New Zealand', './../playerImages/1103.jpg', 'Pace Bowler', 167, '', ''),
(1104, 'Adam Milne', 'New Zealand', './../playerImages/1104.jpg', 'Pace Bowler', 7, '', ''),
(1105, 'Luke Ronchi', 'New Zealand', './../playerImages/1105.jpg', 'Wicketkeeper', 15, '', ''),
(1106, 'Tim Southee', 'New Zealand', './../playerImages/1106.jpg', 'Pace Bowler', 82, '', ''),
(1107, 'Ross Taylor', 'New Zealand', './../playerImages/1107.jpg', 'Batsman', 145, '', 'LRPL Taylor'),
(1108, 'Daniel Vettori', 'New Zealand', './../playerImages/1108.jpg', 'All-Rounder', 283, '', ''),
(1109, 'Kane Williamson', 'New Zealand', './../playerImages/1109.jpg', 'All-Rounder', 61, '', ''),
(1110, 'Misbah-ul-Haq', 'Pakistan', './../playerImages/1110.jpg', 'Batsman', 153, 'Captain', ''),
(1111, 'Ahmed Shehzad', 'Pakistan', './../playerImages/1111.jpg', 'Batsman', 56, '', ''),
(1112, 'Ehsan Adil', 'Pakistan', './../playerImages/1112.jpg', 'Pace Bowler ', 2, '', ''),
(1113, 'Haris Sohail', 'Pakistan', './../playerImages/1113.jpg', 'Batsman', 3, '', ''),
(1114, 'Junaid Khan', 'Pakistan', './../playerImages/1114.jpg', 'Pace Bowler', 48, '', ''),
(1115, 'Mohammad Hafeez', 'Pakistan', './../playerImages/1115.jpg', 'Batsman', 153, '', ''),
(1116, 'Mohammad Irfan', 'Pakistan', './../playerImages/1116.jpg', 'Pace Bowler', 38, '', ''),
(1117, 'Sarfraz Ahmed', 'Pakistan', './../playerImages/1117.jpg', 'Wicketkeeper', 34, '', ''),
(1118, 'Shahid Afridi', 'Pakistan', './../playerImages/1118.jpg', 'All-Rounder', 389, '', ''),
(1119, 'Sohaib Maqsood', 'Pakistan', './../playerImages/1119.jpg', 'Batsman', 14, '', ''),
(1120, 'Sohail Khan', 'Pakistan', './../playerImages/1120.jpg', ' Pace Bowler', 5, '', ''),
(1121, 'Umar Akmal', 'Pakistan', './../playerImages/1121.jpg', 'Wicketkeeper', 102, '', ''),
(1122, 'Wahab Riaz', 'Pakistan', './../playerImages/1122.jpg', 'Pace Bowler', 47, '', ''),
(1123, 'Yasir Shah', 'Pakistan', './../playerImages/1123.jpg', ' Spin Bowler', 1, '', ''),
(1124, 'Younis Khan', 'Pakistan', './../playerImages/1124.jpg', ' Batsman', 259, '', ''),
(1125, 'Preston Mommsen', 'Scotland', './../playerImages/1125.jpg', 'Batsman', 9, '', ''),
(1126, 'Kyle Coetzer', 'Scotland', './../playerImages/1126.jpg', 'Batsman', 20, 'Captain', ''),
(1127, 'Richie Berrington', 'Scotland', './../playerImages/1127.jpg', 'Batsman', 21, '', ''),
(1128, 'Freddie Coleman', 'Scotland', './../playerImages/1128.jpg', 'Batsman', 1, '', ''),
(1129, 'Matthew Cross', 'Scotland', './../playerImages/1129.jpg', ' Wicketkeeper', 4, '', ''),
(1130, 'Josh Davey', 'Scotland', './../playerImages/1130.jpg', 'Pace Bowler', 1, '', ''),
(1131, 'Alasdair Evans', 'Scotland', './../playerImages/1131.jpg', 'Pace Bowler', 8, '', ''),
(1132, 'Hamish Gardiner', 'Scotland', './../playerImages/1132.jpg', 'Batsman', 1, '', ''),
(1133, 'Majid Haq', 'Scotland', './../playerImages/1133.jpg', 'All-Rounder', 21, '', ''),
(1134, 'Michael Leask', 'Scotland', './../playerImages/1134.jpg', 'All-Rounder', 3, '', ''),
(1135, 'Matt Machan', 'England', './../playerImages/1135.jpg', 'All-Rounder', 6, '', ''),
(1136, 'Calum MacLeod', 'Scotland', './../playerImages/1136.jpg', 'Batsman', 15, '', ''),
(1137, 'Safyaan Sharif', 'Scotland', './../playerImages/1137.jpg', 'Pace Bowler', 7, '', ''),
(1138, 'Rob Taylor', 'Scotland', './../playerImages/1138.jpg', 'Pace Bowler', 4, '', 'RML Taylor'),
(1139, 'Iain Wardlaw', 'England', './../playerImages/1139.jpg', 'Pace Bowler', 4, '', ''),
(1140, 'AB de Villiers', 'South Africa', './../playerImages/1140.jpg', 'Batsman', 177, 'Captain', ''),
(1141, 'Hashim Amla', 'South Africa', './../playerImages/1141.jpg', 'Batsman', 105, '', ''),
(1142, 'Kyle Abbott', 'South Africa', './../playerImages/1142.jpg', 'Pace Bowler', 9, '', ''),
(1143, 'Farhaan Behardien', 'South Africa', './../playerImages/1143.jpg', 'Batsman', 19, '', ''),
(1144, 'Quinton de Kock', 'South Africa', './../playerImages/1144.jpg', 'Wicketkeeper', 35, '', ''),
(1145, 'Jean-Paul Duminy', 'South Africa', './../playerImages/1145.jpg', 'Batsman', 131, '', ''),
(1146, 'Faf du Plessis', 'South Africa', './../playerImages/1146.jpg', ' All-Rounder', 64, '', ''),
(1147, 'Imran Tahir', 'South Africa', './../playerImages/1147.jpg', 'Pace Bowler', 29, '', ''),
(1148, 'David Miller', 'South Africa', './../playerImages/1148.jpg', 'Batsman', 31, '', ''),
(1149, 'Morne Morkel', 'South Africa', './../playerImages/1149.jpg', 'Pace Bowler', 89, '', ''),
(1150, 'Wayne Parnell', 'South Africa', './../playerImages/1150.jpg', 'Pace Bowler', 43, '', ''),
(1151, 'Aaron Phangiso', 'South Africa', './../playerImages/1151.jpg', 'Pace Bowler', 5, '', ''),
(1152, 'Vernon Philander', 'South Africa', './../playerImages/1152.jpg', 'Pace Bowler', 23, '', ''),
(1153, 'Rilee Rossouw', 'South Africa', './../playerImages/1153.jpg', ' Batsman', 6, '', ''),
(1154, 'Dale Steyn', 'South Africa', './../playerImages/1154.jpg', 'Pace Bowler', 95, '', ''),
(1155, 'Angelo Mathews', 'Sri Lanka', './../playerImages/1155.jpg', 'All-Rounder', 149, 'Captain', ''),
(1156, 'Lahiru Thirimanne', 'Sri Lanka', './../playerImages/1156.jpg', 'Batsman', 84, '', ''),
(1157, 'Dinesh Chandimal', 'Sri Lanka', './../playerImages/1157.jpg', 'Wicketkeeper', 89, '', ''),
(1158, 'Tillakaratne Dilshan', 'Sri Lanka', './../playerImages/1158.jpg', 'Batsman', 304, '', ''),
(1159, 'Rangana Herath', 'Sri Lanka', './../playerImages/1159.jpg', 'Spin Bowler', 66, '', ''),
(1160, 'Mahela Jayawardene', 'Sri Lanka', './../playerImages/1160.jpg', 'Batsman', 438, '', ''),
(1161, 'Dimuth Karunaratne', 'Sri Lanka', './../playerImages/1161.jpg', 'Batsman', 10, '', ''),
(1162, 'Nuwan Kulasekara', 'Sri Lanka', './../playerImages/1162.jpg', 'Pace Bowler', 163, '', ''),
(1163, 'Suranga Lakmal', 'Sri Lanka', './../playerImages/1163.jpg', 'Pace Bowler', 29, '', ''),
(1164, 'Lasith Malinga', 'Sri Lanka', './../playerImages/1164.jpg', 'Pace Bowler', 177, '', ''),
(1165, 'Jeevan Mendis', 'Sri Lanka', './../playerImages/1165.jpg', 'All-Rounder', 16, '', ''),
(1166, 'Thisara Perera', 'Sri Lanka', './../playerImages/1166.jpg', 'All-Rounder', 95, '', ''),
(1167, 'Dhammika Prasad', 'Sri Lanka', './../playerImages/1167.jpg', 'Pace Bowler', 23, '', ''),
(1168, 'Kumar Sangakkara', 'Sri Lanka', './../playerImages/1168.jpg', 'Wicketkeeper', 394, '', ''),
(1169, 'Sachithra Senanayake', 'Sri Lanka', './../playerImages/1169.jpg', 'All-Rounder', 43, '', ''),
(1170, 'Mohammad Tauqir', 'United Arab Emirates', './../playerImages/1170.jpg', ' Spin Bowler', 13, '', ''),
(1171, 'Khurram Khan', 'United Arab Emirates', './../playerImages/1171.jpg', 'All-Rounder', 3, 'Captain', ''),
(1172, 'Amjad Ali', 'United Arab Emirates', './../playerImages/1172.jpg', 'Batsman', 3, '', ''),
(1173, 'Amjad Javed', 'United Arab Emirates', './../playerImages/1173.jpg', 'All-Rounder', 3, '', ''),
(1174, 'Andri Berenger', 'United Arab Emirates', './../playerImages/1174.jpg', ' Batsman', 5, '', ''),
(1175, 'Fahad Alhashmi', 'United Arab Emirates', './../playerImages/1175.jpg', ' Pace Bowler', 7, '', ''),
(1176, 'Manjula Guruge', 'United Arab Emirates', './../playerImages/1176.jpg', 'Pace Bowler', 2, '', ''),
(1177, 'Kamran Shazad', 'United Arab Emirates', './../playerImages/1177.jpg', 'Pace Bowler', 3, '', ''),
(1178, 'Krishna Chandran', 'United Arab Emirates', './../playerImages/1178.jpg', ' All-Rounder', 15, '', ''),
(1179, 'Mohammad Naveed', 'United Arab Emirates', './../playerImages/1179.jpg', 'Pace Bowler', 2, '', ''),
(1180, 'Nasir Aziz', 'United Arab Emirates', './../playerImages/1180.jpg', ' Spin Bowler', 2, '', ''),
(1181, 'Swapnil Patil', 'United Arab Emirates', './../playerImages/1181.jpg', 'Wicketkeeper', 3, '', ''),
(1182, 'Rohan Mustafa', 'United Arab Emirates', './../playerImages/1182.jpg', 'All-Rounder', 3, '', ''),
(1183, 'Saqlain Haider', 'United Arab Emirates', './../playerImages/1183.jpg', ' Batsman', 4, '', ''),
(1184, 'Shaiman Anwar', 'United Arab Emirates', './../playerImages/1184.jpg', 'Batsman', 3, '', ''),
(1185, 'Jason Holder', 'West Indies', './../playerImages/1185.jpg', 'All-Rounder', 23, '', ''),
(1186, 'Marlon Samuels', 'West Indies', './../playerImages/1186.jpg', 'Batsman', 164, '', ''),
(1187, 'Sulieman Benn', 'West Indies', './../playerImages/1187.jpg', ' Spin Bowler', 30, '', ''),
(1188, 'Darren Bravo', 'West Indies', './../playerImages/1188.jpg', 'Batsman', 79, '', ''),
(1189, 'Jonathan Carter', 'West Indies', './../playerImages/1189.jpg', ' Batsman', 51, '', ''),
(1190, 'Sheldon Cottrell', 'West Indies', './../playerImages/1190.jpg', ' Pace Bowler', 6, '', ''),
(1191, 'Chris Gayle', 'West Indies', './../playerImages/1191.jpg', 'Batsman', 260, '', ''),
(1192, 'Sunil Narine', 'West Indies', './../playerImages/1192.jpg', ' Spin Bowler', 52, '', ''),
(1193, 'Denesh Ramdin', 'West Indies', './../playerImages/1193.jpg', 'Wicketkeeper', 117, '', ''),
(1194, 'Kemar Roach', 'West Indies', './../playerImages/1194.jpg', 'Pace Bowler', 64, '', ''),
(1195, 'Andre Russell', 'West Indies', './../playerImages/1195.jpg', 'All-Rounder', 40, '', ''),
(1196, 'Darren Sammy', 'West Indies', './../playerImages/1196.jpg', 'All-Rounder', 117, '', ''),
(1197, 'Lendl Simmons', 'West Indies', './../playerImages/1197.jpg', 'Batsman', 61, '', ''),
(1198, 'Dwayne Smith', 'West Indies', './../playerImages/1198.jpg', 'All-Rounder', 96, '', 'DR Smith'),
(1199, 'Jerome Taylor', 'West Indies', './../playerImages/1199.jpg', 'Pace Bowler', 71, '', 'JE Taylor'),
(1200, 'Elton Chigumbura', 'Zimbabwe', './../playerImages/1200.jpg', 'All-Rounder', 169, 'Captain', ''),
(1201, 'Regis Chakabva', 'Zimbabwe', './../playerImages/1201.jpg', 'Wicketkeeper', 24, '', ''),
(1202, 'Tendai Chatara', 'Zimbabwe', './../playerImages/1202.jpg', 'Pace Bowler', 21, '', ''),
(1203, 'Chamu Chibhabha', 'Zimbabwe', './../playerImages/1203.jpg', ' All-Rounder', 17, '', ''),
(1204, 'Craig Ervine', 'Zimbabwe', './../playerImages/1204.jpg', 'Batsman', 25, '', ''),
(1205, 'Tafadzwa Kamungozi', 'Zimbabwe', './../playerImages/1205.jpg', ' Spin Bowler', 11, '', ''),
(1206, 'Hamilton Masakadza', 'Zimbabwe', './../playerImages/1206.jpg', 'Batsman', 144, '', ''),
(1207, 'Stuart Matsikenyeri', 'Zimbabwe', './../playerImages/1207.jpg', ' Batsman', 112, '', ''),
(1208, 'Solomon Mire', 'Zimbabwe', './../playerImages/1208.jpg', ' Batsman', 13, '', ''),
(1209, 'Tawanda Mupariwa', 'Zimbabwe', './../playerImages/1209.jpg', ' Pace Bowler', 35, '', ''),
(1210, 'Tinashe Panyangara', 'Zimbabwe', './../playerImages/1210.jpg', 'Pace Bowler', 38, '', ''),
(1211, 'Sikandar Raza', 'Zimbabwe', './../playerImages/1211.jpg', 'Batsman', 21, '', ''),
(1212, 'Brendan Taylor', 'Zimbabwe', './../playerImages/1212.jpg', 'Batsman', 161, '', 'BRM Taylor'),
(1213, 'Prosper Utseya', 'Zimbabwe', './../playerImages/1213.jpg', ' Spin Bowler', 160, '', ''),
(1214, 'Sean Williams', 'Zimbabwe', './../playerImages/1214.jpg', 'All-Rounder', 69, '', '');

-- --------------------------------------------------------

--
-- Table structure for table `pplround_1`
--

CREATE TABLE IF NOT EXISTS `pplround_1` (
  `teamId` bigint(20) NOT NULL,
  `playerId` bigint(20) NOT NULL,
  `form` bigint(20) NOT NULL,
  `confidence` bigint(20) NOT NULL
) ENGINE=InnoDB DEFAULT CHARSET=latin1;

--
-- Dumping data for table `pplround_1`
--

INSERT INTO `pplround_1` (`teamId`, `playerId`, `form`, `confidence`) VALUES
(1, 1012, 1000, 1000),
(1, 1013, 1000, 1000),
(1, 1014, 1000, 1000),
(1, 1015, 1000, 1000),
(1, 1016, 1000, 1000),
(1, 1017, 1000, 1000),
(1, 1018, 1000, 1000),
(1, 1019, 1000, 1000),
(1, 1020, 1000, 1000),
(1, 1021, 1000, 1000),
(1, 1022, 1000, 1000);

-- --------------------------------------------------------

--
-- Table structure for table `pplround_2`
--

CREATE TABLE IF NOT EXISTS `pplround_2` (
  `teamId` bigint(20) NOT NULL,
  `playerId` bigint(20) NOT NULL,
  `form` bigint(20) NOT NULL,
  `confidence` bigint(20) NOT NULL
) ENGINE=InnoDB DEFAULT CHARSET=latin1;

-- --------------------------------------------------------

--
-- Table structure for table `pplround_3`
--

CREATE TABLE IF NOT EXISTS `pplround_3` (
  `teamId` bigint(20) NOT NULL,
  `playerId` bigint(20) NOT NULL,
  `form` bigint(20) NOT NULL,
  `confidence` bigint(20) NOT NULL
) ENGINE=InnoDB DEFAULT CHARSET=latin1;

-- --------------------------------------------------------

--
-- Table structure for table `userdata`
--

CREATE TABLE IF NOT EXISTS `userdata` (
  `teamId` bigint(20) NOT NULL,
  `userId1` bigint(20) NOT NULL,
  `userId2` bigint(20) NOT NULL,
  `score` bigint(20) NOT NULL,
  `actualBalance` bigint(20) NOT NULL,
  `p11` int(11) NOT NULL,
  `transferNum` int(11) NOT NULL
) ENGINE=InnoDB DEFAULT CHARSET=latin1;

--
-- Dumping data for table `userdata`
--

INSERT INTO `userdata` (`teamId`, `userId1`, `userId2`, `score`, `actualBalance`, `p11`, `transferNum`) VALUES
(1, 1, 2, 0, 20000, 0, 84);

-- --------------------------------------------------------

--
-- Table structure for table `userlogin`
--

CREATE TABLE IF NOT EXISTS `userlogin` (
  `userId` bigint(20) NOT NULL,
  `password` varchar(40) NOT NULL
) ENGINE=InnoDB DEFAULT CHARSET=latin1;

--
-- Dumping data for table `userlogin`
--

INSERT INTO `userlogin` (`userId`, `password`) VALUES
(1, '356a192b7913b04c54574d18c28d46e6395428ab'),
(2, '356a192b7913b04c54574d18c28d46e6395428ab');

--
-- Indexes for dumped tables
--

--
-- Indexes for table `batting`
--
ALTER TABLE `batting`
 ADD UNIQUE KEY `playerId` (`playerId`);

--
-- Indexes for table `bowling`
--
ALTER TABLE `bowling`
 ADD UNIQUE KEY `playerId` (`playerId`);

--
-- Indexes for table `fielding`
--
ALTER TABLE `fielding`
 ADD UNIQUE KEY `playerId` (`playerId`);

--
-- Indexes for table `players`
--
ALTER TABLE `players`
 ADD UNIQUE KEY `playerId` (`playerId`);

--
-- Indexes for table `userdata`
--
ALTER TABLE `userdata`
 ADD UNIQUE KEY `teamId` (`teamId`);

--
-- Indexes for table `userlogin`
--
ALTER TABLE `userlogin`
 ADD UNIQUE KEY `userId` (`userId`);

/*!40101 SET CHARACTER_SET_CLIENT=@OLD_CHARACTER_SET_CLIENT */;
/*!40101 SET CHARACTER_SET_RESULTS=@OLD_CHARACTER_SET_RESULTS */;
/*!40101 SET COLLATION_CONNECTION=@OLD_COLLATION_CONNECTION */;
