-- phpMyAdmin SQL Dump
-- version 4.0.10deb1
-- http://www.phpmyadmin.net
--
-- Host: localhost
-- Generation Time: Feb 12, 2015 at 11:27 PM
-- Server version: 5.6.19-0ubuntu0.14.04.1
-- PHP Version: 5.5.9-1ubuntu4.5

SET SQL_MODE = "NO_AUTO_VALUE_ON_ZERO";
SET time_zone = "+00:00";


/*!40101 SET @OLD_CHARACTER_SET_CLIENT=@@CHARACTER_SET_CLIENT */;
/*!40101 SET @OLD_CHARACTER_SET_RESULTS=@@CHARACTER_SET_RESULTS */;
/*!40101 SET @OLD_COLLATION_CONNECTION=@@COLLATION_CONNECTION */;
/*!40101 SET NAMES utf8 */;

--
-- Database: `ppl`
--

-- --------------------------------------------------------

--
-- Table structure for table `adminLogin`
--

CREATE TABLE IF NOT EXISTS `adminLogin` (
  `userId` bigint(20) NOT NULL,
  `password` varchar(40) NOT NULL
) ENGINE=InnoDB DEFAULT CHARSET=latin1;

--
-- Dumping data for table `adminLogin`
--

INSERT INTO `adminLogin` (`userId`, `password`) VALUES
(1, 'd033e22ae348aeb5660fc2140aec35850c4da997'),
(1, 'd033e22ae348aeb5660fc2140aec35850c4da997'),
(1, 'd033e22ae348aeb5660fc2140aec35850c4da997');

-- --------------------------------------------------------

--
-- Table structure for table `batting`
--

CREATE TABLE IF NOT EXISTS `batting` (
  `playerId` bigint(20) NOT NULL,
  `runs` bigint(20) NOT NULL,
  `highScore` bigint(20) NOT NULL,
  `average` float NOT NULL,
  `strikeRate` float NOT NULL,
  `hundred` bigint(20) NOT NULL,
  `fifty` bigint(20) NOT NULL,
  UNIQUE KEY `playerId` (`playerId`)
) ENGINE=InnoDB DEFAULT CHARSET=latin1;

--
-- Dumping data for table `batting`
--

INSERT INTO `batting` (`playerId`, `runs`, `highScore`, `average`, `strikeRate`, `hundred`, `fifty`) VALUES
(1000, 3848, 124, 36.3, 85.62, 7, 22),
(1001, 1139, 121, 31.63, 108.89, 1, 6),
(1002, 540, 119, 31.76, 102.27, 1, 3),
(1003, 264, 28, 7.76, 48.35, 0, 0),
(1004, 261, 79, 26.1, 70.16, 0, 2),
(1005, 5154, 141, 37.34, 77.15, 4, 32),
(1006, 2695, 101, 30.62, 77.84, 1, 14),
(1007, 497, 45, 13.07, 75.18, 0, 0),
(1008, 112, 35, 9.33, 64.36, 0, 0),
(1009, 1062, 116, 37.92, 138.46, 1, 7),
(1010, 132, 38, 13.2, 89.18, 0, 0),
(1011, 1600, 113, 40, 80.04, 3, 8),
(1012, 343, 90, 34.3, 70.86, 0, 4),
(1013, 163, 30, 11.64, 67.35, 0, 0),
(1014, 310, 41, 17.22, 73.98, 0, 0),
(1015, 268, 46, 12.76, 124.65, 0, 0),
(1016, 9, 9, 9, 42.85, 0, 0),
(1017, 1, 1, 0, 25, 0, 0),
(1018, 210, 49, 19.09, 86.41, 0, 0),
(1019, 17, 8, 3.4, 89.47, 0, 0),
(1020, 189, 44, 18.9, 113.85, 0, 0),
(1021, 50, 22, 16.66, 108.69, 0, 0),
(1022, 6, 6, 6, 120, 0, 0),
(1023, 126, 28, 12.6, 113.51, 0, 0),
(1024, 104, 38, 17.33, 110.63, 0, 0),
(1025, 37, 22, 18.5, 36.63, 0, 0),
(1026, 288, 36, 13.09, 103.97, 0, 0),
(1027, 295, 61, 16.38, 120.4, 0, 1),
(1028, 25, 13, 5, 41.66, 0, 0),
(1029, 476, 118, 34, 78.54, 1, 3),
(1030, 7762, 130, 44.86, 78.59, 8, 56),
(1031, 1962, 156, 41.74, 86.66, 2, 14),
(1032, 22, 11, 11, 81.48, 0, 0),
(1033, 101, 15, 14.42, 55.19, 0, 0),
(1034, 770, 116, 48.12, 111.11, 1, 4),
(1035, 756, 156, 39.78, 152.41, 1, 5),
(1036, 2996, 110, 31.2, 82.62, 2, 16),
(1037, 0, 0, 0, 0, 0, 0),
(1038, 920, 73, 16.14, 95.13, 0, 2),
(1039, 420, 89, 38.18, 89.55, 0, 4),
(1040, 1043, 95, 30.67, 115.76, 0, 9),
(1041, 1147, 104, 35.84, 88.63, 3, 3),
(1042, 162, 52, 32.4, 87.09, 0, 1),
(1043, 1702, 163, 32.73, 85.18, 3, 10),
(1044, 5478, 185, 40.57, 89.87, 9, 31),
(1045, 1346, 51, 14.95, 87.8, 0, 1),
(1046, 3, 2, 1.5, 23.07, 0, 0),
(1047, 892, 120, 35.68, 70.84, 3, 3),
(1048, 5, 5, 5, 83.33, 0, 0),
(1049, 2123, 82, 32.16, 72.9, 0, 11),
(1050, 539, 60, 25.66, 74.65, 0, 3),
(1051, 3153, 117, 28.92, 71.35, 2, 18),
(1052, 1044, 100, 34.8, 78.73, 1, 6),
(1053, 83, 17, 6.38, 59.28, 0, 0),
(1054, 50, 26, 16.66, 79.36, 0, 0),
(1055, 3977, 134, 34.58, 79.41, 6, 26),
(1056, 1568, 96, 27.5, 60.49, 0, 12),
(1057, 0, 0, 0, 0, 0, 0),
(1058, 3971, 154, 29.85, 77.55, 4, 27),
(1059, 0, 0, 0, 0, 0, 0),
(1060, 8262, 183, 52.29, 88.84, 9, 56),
(1061, 623, 65, 17.3, 89.89, 0, 1),
(1062, 91, 44, 18.2, 70, 0, 0),
(1063, 2095, 119, 42.75, 89.56, 6, 11),
(1064, 1696, 87, 33.92, 84.42, 0, 10),
(1065, 6232, 183, 51.5, 90.17, 21, 33),
(1066, 161, 31, 9.47, 80.5, 0, 0),
(1067, 101, 25, 10.1, 87.06, 0, 0),
(1068, 507, 69, 42.25, 67.78, 0, 4),
(1069, 1376, 111, 30.57, 76.57, 2, 8),
(1070, 5104, 116, 35.44, 92.98, 4, 33),
(1071, 3, 3, 0, 60, 0, 0),
(1072, 0, 0, 0, 0, 0, 0),
(1073, 3890, 264, 38.9, 81.55, 6, 23),
(1074, 44, 17, 14.66, 68.75, 0, 0),
(1075, 72, 13, 5.14, 36, 0, 0),
(1076, 627, 56, 19.59, 114.2, 0, 1),
(1077, 181, 38, 15.08, 52.76, 0, 0),
(1078, 7, 4, 3.5, 25.92, 0, 0),
(1079, 216, 65, 15.42, 125.58, 0, 1),
(1080, 2, 2, 2, 25, 0, 0),
(1081, 405, 78, 33.75, 93.96, 0, 1),
(1082, 0, 0, 0, 0, 0, 0),
(1083, 204, 31, 17, 104.08, 0, 0),
(1084, 399, 42, 15.34, 117.35, 0, 0),
(1085, 362, 50, 19.05, 98.63, 0, 1),
(1086, 27, 12, 27, 71.05, 0, 0),
(1087, 584, 79, 26.54, 128.35, 0, 5),
(1088, 10, 7, 10, 71.42, 0, 0),
(1089, 511, 41, 20.44, 91.08, 0, 0),
(1090, 5, 5, 5, 62.5, 0, 0),
(1091, 5, 3, 5, 71.42, 0, 0),
(1092, 5480, 166, 30.27, 91.73, 5, 27),
(1093, 687, 131, 36.15, 129.37, 1, 2),
(1094, 52, 21, 13, 78.78, 0, 0),
(1095, 1299, 115, 34.18, 74.27, 2, 7),
(1096, 3192, 189, 37.11, 80, 5, 21),
(1097, 502, 86, 23.9, 72.54, 0, 1),
(1098, 7, 6, 7, 63.63, 0, 0),
(1099, 275, 36, 11.95, 101.85, 0, 0),
(1100, 1047, 54, 15.62, 81.66, 0, 2),
(1101, 5, 3, 0, 50, 0, 0),
(1102, 263, 51, 32.87, 152.02, 0, 1),
(1103, 319, 32, 10.29, 90.11, 0, 0),
(1104, 4913, 131, 41.99, 82.62, 12, 29),
(1105, 2203, 83, 17.21, 82.54, 0, 4),
(1106, 2452, 145, 46.26, 82.78, 6, 15),
(1107, 4772, 96, 42.99, 73.65, 0, 38),
(1108, 1985, 124, 34.82, 72.02, 6, 10),
(1109, 12, 6, 6, 60, 0, 0),
(1110, 15, 11, 5, 60, 0, 0),
(1111, 40, 12, 4.44, 39.6, 0, 0),
(1112, 1413, 112, 33.64, 76.04, 3, 8),
(1113, 0, 0, 0, 0, 0, 0),
(1114, 473, 65, 23.65, 84.76, 0, 1),
(1115, 7948, 124, 23.58, 116.79, 6, 39),
(1116, 145, 37, 14.5, 121.84, 0, 0),
(1117, 4, 4, 4, 44.44, 0, 0),
(1118, 2749, 102, 35.24, 86.47, 2, 19),
(1119, 326, 47, 12.07, 75.99, 0, 0),
(1120, 0, 0, 0, 0, 0, 0),
(1121, 7197, 144, 31.56, 75.32, 7, 48),
(1122, 51, 25, 5.1, 51, 0, 0),
(1123, 4542, 140, 31.1, 73.35, 9, 23),
(1124, 118, 26, 19.66, 103.5, 0, 0),
(1125, 442, 62, 23.26, 101.14, 0, 1),
(1126, 396, 100, 22, 117.15, 1, 0),
(1127, 9, 9, 9, 69.23, 0, 0),
(1128, 18, 10, 6, 69.23, 0, 0),
(1129, 7, 7, 7, 116.66, 0, 0),
(1130, 34, 14, 11.33, 31.19, 0, 0),
(1131, 6, 6, 3, 35.29, 0, 0),
(1132, 64, 21, 12.8, 66.66, 0, 0),
(1133, 63, 58, 21, 114.54, 0, 1),
(1134, 276, 67, 69, 131.42, 0, 3),
(1135, 289, 57, 22.23, 106.64, 0, 3),
(1136, 3, 3, 3, 60, 0, 0),
(1137, 71, 41, 35.5, 154.34, 0, 0),
(1138, 1, 1, 1, 33.33, 0, 0),
(1139, 7459, 149, 52.16, 97.16, 19, 43),
(1140, 5359, 153, 56.41, 89.61, 19, 27),
(1141, 35, 23, 11.66, 77.77, 0, 0),
(1142, 146, 31, 20.85, 114.06, 0, 0),
(1143, 1486, 135, 42.45, 88.29, 6, 4),
(1144, 3644, 150, 39.18, 83.36, 3, 20),
(1145, 1963, 126, 33.84, 84.35, 3, 12),
(1146, 52, 23, 13, 76.47, 0, 0),
(1147, 540, 47, 28.42, 129.49, 0, 0),
(1148, 201, 25, 8.73, 76.71, 0, 0),
(1149, 356, 56, 22.25, 78.41, 0, 1),
(1150, 0, 0, 0, 0, 0, 0),
(1151, 111, 23, 10.09, 71.15, 0, 0),
(1152, 160, 78, 32, 142.85, 0, 2),
(1153, 242, 35, 8.06, 61.89, 0, 0),
(1154, 3588, 139, 40.31, 84.78, 1, 25),
(1155, 1871, 102, 31.71, 69.52, 3, 10),
(1156, 63, 14, 7.87, 41.17, 0, 0),
(1157, 2066, 111, 29.09, 73.97, 2, 12),
(1158, 9401, 160, 39, 85.75, 20, 42),
(1159, 127, 17, 9.07, 64.14, 0, 0),
(1160, 12525, 144, 33.48, 79.01, 18, 77),
(1161, 153, 60, 15.3, 68.6, 0, 1),
(1162, 1152, 73, 15.15, 81.18, 0, 3),
(1163, 12, 4, 2, 24, 0, 0),
(1164, 442, 56, 7.24, 76.33, 0, 1),
(1165, 197, 43, 21.88, 124.68, 0, 0),
(1166, 1073, 80, 17.59, 110.73, 0, 5),
(1167, 13693, 169, 40.99, 78.08, 21, 93),
(1168, 276, 42, 14.52, 96.5, 0, 0),
(1169, 129, 31, 21.5, 88.35, 0, 0),
(1170, 287, 64, 16.88, 52.95, 0, 1),
(1171, 26, 20, 8.66, 89.65, 0, 0),
(1172, 29, 19, 9.66, 87.87, 0, 0),
(1173, 149, 35, 16.55, 56.22, 0, 0),
(1174, 65, 21, 7.22, 46.76, 0, 0),
(1175, 2, 1, 0, 100, 0, 0),
(1176, 21, 21, 10.5, 123.52, 0, 0),
(1177, 73, 31, 24.33, 100, 0, 0),
(1178, 321, 52, 40.12, 53.85, 0, 3),
(1179, 0, 0, 0, 0, 0, 0),
(1180, 5, 4, 2.5, 25, 0, 0),
(1181, 53, 30, 17.66, 92.98, 0, 0),
(1182, 37, 20, 18.5, 105.71, 0, 0),
(1183, 32, 28, 16, 59.25, 0, 0),
(1184, 68, 32, 22.66, 128.3, 0, 0),
(1185, 162, 22, 14.72, 81, 0, 0),
(1186, 4401, 126, 33.09, 74.31, 7, 25),
(1187, 128, 31, 8.53, 72.31, 0, 0),
(1188, 2171, 124, 32.4, 70.69, 2, 16),
(1189, 2223, 116, 28.87, 0, 2, 13),
(1190, 3, 2, 0, 33.33, 0, 0),
(1191, 8881, 153, 36.85, 84.22, 21, 46),
(1192, 264, 51, 18.85, 83.01, 0, 1),
(1193, 1804, 169, 25.05, 82.75, 2, 6),
(1194, 216, 34, 13.5, 52.17, 0, 0),
(1195, 840, 92, 28.96, 124.81, 0, 4),
(1196, 1694, 84, 24.2, 100.05, 0, 8),
(1197, 1785, 122, 31.31, 71.14, 1, 15),
(1198, 1467, 97, 18.8, 93.61, 0, 8),
(1199, 217, 43, 8.03, 87.14, 0, 0),
(1200, 282, 36, 10.84, 79.43, 0, 0),
(1201, 3390, 90, 24.92, 81.31, 0, 18),
(1202, 340, 45, 16.19, 54.4, 0, 0),
(1203, 76, 23, 15.2, 58.01, 0, 0),
(1204, 391, 65, 23, 110.45, 0, 3),
(1205, 702, 85, 35.1, 77.65, 0, 5),
(1206, 21, 12, 4.2, 45.65, 0, 0),
(1207, 3961, 178, 28.29, 73.88, 3, 25),
(1208, 2205, 90, 22.05, 72.31, 0, 13),
(1209, 482, 96, 22.95, 52.85, 0, 3),
(1210, 165, 33, 8.68, 54.09, 0, 0),
(1211, 129, 16, 5.6, 41.21, 0, 0),
(1212, 578, 141, 28.9, 73.63, 1, 1),
(1213, 4825, 145, 33.27, 72.5, 6, 31),
(1214, 1385, 68, 16.89, 58.09, 0, 4),
(1215, 1782, 78, 31.26, 77.41, 0, 17);

-- --------------------------------------------------------

--
-- Table structure for table `bowling`
--

CREATE TABLE IF NOT EXISTS `bowling` (
  `playerId` bigint(20) NOT NULL,
  `wickets` bigint(20) NOT NULL,
  `best` varchar(10) NOT NULL,
  `average` float NOT NULL,
  `economy` float NOT NULL,
  `four` bigint(20) NOT NULL,
  `five` bigint(20) NOT NULL,
  UNIQUE KEY `playerId` (`playerId`)
) ENGINE=InnoDB DEFAULT CHARSET=latin1;

--
-- Dumping data for table `bowling`
--

INSERT INTO `bowling` (`playerId`, `wickets`, `best`, `average`, `economy`, `four`, `five`) VALUES
(1000, 0, '-', 0, 0, 0, 0),
(1001, 0, '-', 0, 0, 0, 0),
(1002, 17, '2/34', 37.29, 4.69, 0, 0),
(1003, 264, '5/23', 28.84, 4.9, 11, 2),
(1004, 0, '-', 0, 0, 0, 0),
(1005, 6, '3/9', 14.66, 6, 0, 0),
(1006, 38, '4/38', 39.26, 4.94, 1, 0),
(1007, 173, '5/23', 29.02, 5.25, 9, 1),
(1008, 78, '5/33', 28.41, 4.87, 3, 1),
(1009, 0, '-', 0, 0, 0, 0),
(1010, 33, '5/29', 30.09, 5.7, 0, 1),
(1011, 11, '2/15', 63.18, 5.74, 0, 0),
(1012, 0, '-', 0, 0, 0, 0),
(1013, 59, '4/41', 27.81, 4.77, 3, 0),
(1014, 42, '6/45', 32.76, 5.92, 2, 2),
(1015, 21, '3/23', 28.9, 6.97, 0, 0),
(1016, 0, '-', 0, 0, 0, 0),
(1017, 3, '2/34', 33, 8.36, 0, 0),
(1018, 0, '-', 0, 0, 0, 0),
(1019, 12, '3/21', 23.83, 7.36, 0, 0),
(1020, 0, '-', 0, 8.6, 0, 0),
(1021, 22, '4/22', 14.45, 6.21, 1, 0),
(1022, 0, '-', 0, 0, 0, 0),
(1023, 6, '2/6', 38.16, 6.3, 0, 0),
(1024, 0, '-', 0, 0, 0, 0),
(1025, 0, '-', 0, 1, 0, 0),
(1026, 4, '3/23', 20, 8, 0, 0),
(1027, 22, '5/13', 19.68, 6.12, 1, 1),
(1028, 19, '2/19', 21.68, 6.98, 0, 0),
(1029, 1, '1/21', 34, 5.36, 0, 0),
(1030, 56, '5/35', 38.07, 5, 1, 1),
(1031, 0, '-', 0, 0, 0, 0),
(1032, 14, '3/28', 35.5, 5.91, 0, 0),
(1033, 55, '4/28', 39.34, 4.72, 3, 0),
(1034, 50, '4/48', 32.36, 5.64, 2, 0),
(1035, 0, '-', 0, 13.5, 0, 0),
(1036, 0, '-', 0, 0, 0, 0),
(1037, 12, '5/31', 22.41, 4.61, 0, 1),
(1038, 224, '6/31', 25.5, 4.82, 8, 3),
(1039, 6, '2/23', 48.33, 5.08, 0, 0),
(1040, 28, '4/46', 38.03, 5.41, 2, 0),
(1041, 27, '3/16', 32.44, 5.2, 0, 0),
(1042, 61, '6/43', 21.27, 5, 5, 4),
(1043, 0, '-', 0, 8, 0, 0),
(1044, 164, '4/36', 31.21, 4.91, 3, 0),
(1045, 183, '6/26', 30.51, 4.67, 5, 1),
(1046, 17, '4/51', 26, 5.55, 2, 0),
(1047, 0, '-', 0, 0, 0, 0),
(1048, 3, '2/17', 8.33, 5, 0, 0),
(1049, 67, '3/4', 42.14, 5.07, 0, 0),
(1050, 7, '2/13', 25, 4.86, 0, 0),
(1051, 0, '-', 0, 0, 0, 0),
(1052, 3, '2/3', 100.33, 5, 0, 0),
(1053, 69, '6/26', 32.36, 5.58, 4, 1),
(1054, 1, '1/3', 16, 5.33, 0, 0),
(1055, 182, '4/16', 27.92, 4.26, 5, 0),
(1056, 18, '5/47', 41.05, 3.48, 0, 1),
(1057, 4, '4/11', 2.75, 1.57, 1, 0),
(1058, 0, '-', 0, 13, 0, 0),
(1059, 1, '1/24', 24, 6, 0, 0),
(1060, 1, '1/14', 31, 5.16, 0, 0),
(1061, 120, '3/24', 32.64, 4.9, 0, 0),
(1062, 13, '6/4', 14.15, 4.52, 0, 1),
(1063, 0, '-', 0, 0, 0, 0),
(1064, 134, '5/36', 32.76, 4.81, 5, 1),
(1065, 4, '1/15', 145.5, 6.22, 0, 0),
(1066, 45, '4/8', 37.15, 4.62, 1, 0),
(1067, 70, '4/36', 26.74, 5.67, 4, 0),
(1068, 38, '7/75', 27.44, 2.21, 1, 2),
(1069, 0, '-', 0, 0, 0, 0),
(1070, 31, '3/34', 49, 5.09, 0, 0),
(1071, 0, '-', 0, 0, 0, 0),
(1072, 3, '1/11', 34, 9.27, 0, 0),
(1073, 8, '2/27', 60.37, 5.09, 0, 0),
(1074, 49, '4/53', 36.44, 5.9, 1, 0),
(1075, 106, '4/34', 31.25, 5.69, 5, 0),
(1076, 0, '-', 0, 0, 0, 0),
(1077, 2, '2/25', 47.5, 3.39, 0, 0),
(1078, 11, '5/89', 15.72, 3.73, 0, 1),
(1079, 32, '4/11', 18.75, 7.05, 3, 0),
(1080, 33, '4/20', 16.33, 6.21, 1, 0),
(1081, 0, '-', 0, 0, 0, 0),
(1082, 2, '2/26', 25, 10, 0, 0),
(1083, 4, '2/11', 23.5, 6.71, 0, 0),
(1084, 26, '3/35', 21.15, 7, 0, 0),
(1085, 0, '-', 0, 0, 0, 0),
(1086, 16, '3/20', 20.68, 7.35, 0, 0),
(1087, 12, '3/21', 28.83, 6.92, 0, 0),
(1088, 1, '1/9', 14, 7, 0, 0),
(1089, 0, '-', 0, 0, 0, 0),
(1090, 6, '6/110', 18.33, 3.64, 1, 0),
(1091, 7, '2/24', 25.57, 7.25, 0, 0),
(1092, 0, '-', 0, 0, 0, 0),
(1093, 36, '5/63', 27.97, 6.28, 2, 1),
(1094, 18, '4/44', 34.94, 4.7, 1, 0),
(1095, 27, '4/31', 26.03, 5.16, 1, 0),
(1096, 2, '2/7', 39, 5.14, 0, 0),
(1097, 0, '-', 0, 0, 0, 0),
(1098, 17, '2/24', 25.88, 7.67, 0, 0),
(1099, 52, '4/16', 21.55, 6.74, 2, 0),
(1100, 240, '5/25', 27.02, 4.72, 8, 1),
(1101, 4, '2/22', 49.25, 8.2, 0, 0),
(1102, 0, '-', 0, 0, 0, 0),
(1103, 116, '5/33', 30.96, 5.21, 4, 1),
(1104, 0, '-', 0, 5, 0, 0),
(1105, 290, '5/7', 32.3, 4.13, 7, 2),
(1106, 24, '4/22', 34.2, 5.56, 1, 0),
(1107, 0, '-', 0, 7.5, 0, 0),
(1108, 2, '1/22', 70, 7.3, 0, 0),
(1109, 2, '1/32', 80.5, 6.31, 0, 0),
(1110, 0, '-', 0, 0, 0, 0),
(1111, 57, '4/33', 29.92, 4.89, 1, 0),
(1112, 0, '-', 0, 0, 0, 0),
(1113, 0, '-', 0, 8.5, 0, 0),
(1114, 0, '-', 0, 0, 0, 0),
(1115, 393, '7/12', 33.96, 4.62, 4, 9),
(1116, 0, '-', 0, 12, 0, 0),
(1117, 6, '3/30', 33.16, 4.71, 0, 0),
(1118, 0, '-', 0, 0, 0, 0),
(1119, 61, '5/46', 32.09, 5.64, 1, 1),
(1120, 2, '2/51', 25.5, 5.1, 0, 0),
(1121, 3, '1/3', 96, 6.08, 0, 0),
(1122, 75, '4/12', 25.9, 5.14, 3, 0),
(1123, 122, '3/17', 35.02, 4.06, 0, 0),
(1124, 4, '1/23', 41, 7.13, 0, 0),
(1125, 5, '3/25', 14.2, 6.45, 0, 0),
(1126, 9, '2/13', 19.88, 6.97, 0, 0),
(1127, 0, '-', 0, 0, 0, 0),
(1128, 0, '-', 0, 0, 0, 0),
(1129, 3, '3/23', 7.66, 5.75, 0, 0),
(1130, 15, '8/82', 37.8, 4.15, 0, 1),
(1131, 0, '-', 0, 0, 0, 0),
(1132, 28, '3/20', 16.85, 6.29, 0, 0),
(1133, 0, '-', 0, 0, 0, 0),
(1134, 3, '3/23', 36, 6.54, 0, 0),
(1135, 2, '2/17', 41.5, 7.54, 0, 0),
(1136, 4, '1/11', 39.25, 8.33, 0, 0),
(1137, 1, '1/16', 83, 8.3, 0, 0),
(1138, 9, '3/40', 16.11, 9.06, 0, 0),
(1139, 3, '2/28', 35, 6.56, 0, 0),
(1140, 0, '-', 0, 0, 0, 0),
(1141, 7, '2/21', 56, 4.97, 0, 0),
(1142, 0, '-', 0, 8, 0, 0),
(1143, 0, '-', 0, 0, 0, 0),
(1144, 47, '3/31', 40.78, 5.05, 0, 0),
(1145, 2, '1/8', 71, 5.68, 0, 0),
(1146, 55, '4/28', 20.23, 4.39, 4, 0),
(1147, 0, '-', 0, 0, 0, 0),
(1148, 152, '5/21', 24.69, 4.95, 6, 2),
(1149, 64, '5/48', 29.25, 5.47, 2, 2),
(1150, 6, '3/25', 26, 8.66, 0, 0),
(1151, 35, '4/12', 22.25, 4.61, 2, 0),
(1152, 0, '-', 0, 0, 0, 0),
(1153, 151, '6/39', 25.14, 4.8, 4, 3),
(1154, 91, '6/20', 34.79, 4.52, 1, 1),
(1155, 3, '2/36', 31.33, 5.42, 0, 0),
(1156, 51, '9/121', 29.35, 4.15, 3, 2),
(1157, 0, '-', 0, 0, 0, 0),
(1158, 97, '4/4', 44.41, 4.82, 3, 0),
(1159, 71, '4/20', 31.07, 4.36, 1, 0),
(1160, 8, '2/56', 70.37, 5.69, 0, 0),
(1161, 0, '-', 0, 6.6, 0, 0),
(1162, 178, '5/22', 34.23, 4.81, 3, 1),
(1163, 44, '4/30', 30.06, 5.48, 1, 0),
(1164, 271, '6/38', 27.21, 5.21, 9, 7),
(1165, 6, '3/24', 19.33, 6.44, 0, 0),
(1166, 113, '6/44', 30.11, 5.66, 3, 3),
(1167, 0, '-', 0, 0, 0, 0),
(1168, 49, '4/13', 34.77, 4.69, 1, 0),
(1169, 32, '3/17', 30.5, 5.76, 0, 0),
(1170, 32, '0', 30.46, 3.06, 1, 2),
(1171, 0, '-', 0, 0, 0, 0),
(1172, 1, '1/18', 57, 7.12, 0, 0),
(1173, 0, '-', 0, 0, 0, 0),
(1174, 11, '5/76', 37.36, 3.87, 0, 0),
(1175, 2, '2/18', 28.5, 7.12, 0, 0),
(1176, 2, '2/19', 38.5, 8.88, 0, 0),
(1177, 1, '1/8', 8, 8, 0, 0),
(1178, 12, '3/45', 33.66, 5.31, 0, 0),
(1179, 2, '1/79', 94.5, 3.78, 0, 0),
(1180, 6, '6/75', 20, 2.36, 0, 1),
(1181, 0, '-', 0, 0, 0, 0),
(1182, 0, '-', 0, 5.56, 0, 0),
(1183, 0, '-', 0, 0, 0, 0),
(1184, 0, '-', 0, 0, 0, 0),
(1185, 37, '4/13', 30.21, 5.55, 2, 0),
(1186, 82, '3/25', 45.37, 4.79, 0, 0),
(1187, 32, '4/18', 35.87, 4.52, 3, 0),
(1188, 0, '-', 0, 0, 0, 0),
(1189, 35, '6/106', 22.82, 3.06, 1, 1),
(1190, 2, '2/39', 53.5, 8.23, 0, 0),
(1191, 158, '5/46', 35.7, 4.75, 3, 1),
(1192, 40, '4/43', 36.52, 4.59, 2, 0),
(1193, 0, '-', 0, 0, 0, 0),
(1194, 98, '6/27', 26.85, 4.9, 2, 3),
(1195, 53, '4/35', 32.16, 5.7, 5, 0),
(1196, 80, '4/26', 45.98, 4.61, 1, 0),
(1197, 1, '1/3', 160, 6.4, 0, 0),
(1198, 60, '5/45', 37.63, 5.04, 3, 1),
(1199, 106, '5/48', 28.14, 4.97, 3, 1),
(1200, 73, '5/27', 26.49, 4.1, 4, 1),
(1201, 96, '4/28', 42.01, 5.87, 1, 0),
(1202, 0, '-', 0, 0, 0, 0),
(1203, 27, '3/44', 34.33, 5.02, 0, 0),
(1204, 5, '1/14', 31.6, 7.96, 0, 0),
(1205, 0, '-', 0, 0, 0, 0),
(1206, 11, '2/36', 38.54, 4.98, 0, 0),
(1207, 36, '3/39', 37.88, 5.25, 0, 0),
(1208, 16, '2/25', 48.62, 5.07, 0, 0),
(1209, 5, '1/10', 123, 3.75, 0, 0),
(1210, 55, '4/39', 26.29, 4.89, 3, 0),
(1211, 41, '3/28', 42.68, 5.67, 0, 0),
(1212, 3, '2/25', 47.66, 5.95, 0, 0),
(1213, 9, '3/54', 45.11, 6.15, 0, 0),
(1214, 130, '5/36', 46.5, 4.34, 2, 1),
(1215, 22, '3/23', 56.95, 4.76, 0, 0);

-- --------------------------------------------------------

--
-- Table structure for table `confirmedP11`
--

CREATE TABLE IF NOT EXISTS `confirmedP11` (
  `teamId` bigint(20) NOT NULL,
  `playerId` bigint(20) NOT NULL
) ENGINE=InnoDB DEFAULT CHARSET=latin1;

-- --------------------------------------------------------

--
-- Table structure for table `confirmedP11_back`
--

CREATE TABLE IF NOT EXISTS `confirmedP11_back` (
  `teamId` int(11) NOT NULL,
  `playerId` int(11) NOT NULL
) ENGINE=InnoDB DEFAULT CHARSET=latin1;

-- --------------------------------------------------------

--
-- Table structure for table `confirmedSquad`
--

CREATE TABLE IF NOT EXISTS `confirmedSquad` (
  `teamId` bigint(20) NOT NULL,
  `playerId` bigint(20) NOT NULL,
  `form` bigint(20) NOT NULL,
  `confidence` bigint(20) NOT NULL
) ENGINE=InnoDB DEFAULT CHARSET=latin1;

-- --------------------------------------------------------

--
-- Table structure for table `displayBatting`
--

CREATE TABLE IF NOT EXISTS `displayBatting` (
  `playerName` varchar(40) NOT NULL,
  `wicketInfo` varchar(40) NOT NULL,
  `runs` int(11) NOT NULL,
  `four` int(11) NOT NULL,
  `six` int(11) NOT NULL,
  `strikeRate` float NOT NULL
) ENGINE=InnoDB DEFAULT CHARSET=latin1;

--
-- Dumping data for table `displayBatting`
--

INSERT INTO `displayBatting` (`playerName`, `wicketInfo`, `runs`, `four`, `six`, `strikeRate`) VALUES
('RG Sharma', 'c Mirwais Ashraf b Mohammad Nabi  ', 150, 122, 12, 7),
('S Dhawan', ' b Hamid Hassan  ', 4, 8, 0, 0),
('V Kohli', 'c  Afsar Zazai b Dawlat Zadran  ', 5, 9, 1, 0),
('SK Raina', 'run out (Mohammad Nabi)  ', 75, 71, 5, 3),
('AM Rahane', 'not out  ', 88, 61, 12, 2),
('MS Dhoni', 'c Nawroz Mangal b Shapoor Zadran  ', 10, 20, 0, 0),
('RA Jadeja', 'not out  ', 11, 10, 1, 0),
('Javed Ahmadi', 'c  Dhoni b Yadav  ', 17, 16, 4, 0),
('Usman Ghani', 'c Yadav b Jadeja  ', 44, 72, 4, 1),
('Nawroz Mangal', 'c  Dhoni b MM Sharma  ', 60, 85, 2, 2),
('Asghar Stanikzai', 'c Mohammed Shami b MM Sharma  ', 20, 43, 2, 0),
('Najibullah Zadran', 'st  Dhoni b Ashwin  ', 4, 3, 1, 0),
('Samiullah Shenwari', 'run out ( Dhoni/Jadeja/Rayudu)  ', 17, 30, 1, 0),
('Mohammad Nabi', ' b Jadeja  ', 1, 6, 0, 0),
('Afsar Zazai', 'not out  ', 24, 35, 1, 0),
('Mirwais Ashraf', ' b Raina  ', 2, 7, 0, 0),
('Nasir Jamal', 'not out  ', 2, 4, 0, 0);

-- --------------------------------------------------------

--
-- Table structure for table `displayBowling`
--

CREATE TABLE IF NOT EXISTS `displayBowling` (
  `playerName` varchar(40) NOT NULL,
  `overs` int(11) NOT NULL,
  `maidens` int(11) NOT NULL,
  `wickets` int(11) NOT NULL,
  `economy` float NOT NULL
) ENGINE=InnoDB DEFAULT CHARSET=latin1;

--
-- Dumping data for table `displayBowling`
--

INSERT INTO `displayBowling` (`playerName`, `overs`, `maidens`, `wickets`, `economy`) VALUES
('Hamid Hassan', 8, 1, 1, 6.12),
('Dawlat Zadran', 8, 0, 1, 8.25),
('Shapoor Zadran', 8, 0, 1, 7.25),
('Mirwais Ashraf', 6, 0, 0, 4.83),
('Mohammad Nabi', 9, 0, 1, 6.88),
('Aftab Alam', 4, 0, 0, 10),
('Samiullah Shenwari', 3, 0, 0, 8.66),
('Javed Ahmadi', 4, 0, 0, 6.75),
('UT Yadav', 9, 0, 1, 3.88),
('Mohammed Shami', 9, 0, 0, 4.33),
('MM Sharma', 9, 1, 2, 4.44),
('RA Jadeja', 10, 2, 2, 3.8),
('R Ashwin', 10, 1, 1, 3.7),
('SK Raina', 3, 0, 1, 3);

-- --------------------------------------------------------

--
-- Table structure for table `fielding`
--

CREATE TABLE IF NOT EXISTS `fielding` (
  `playerId` bigint(20) NOT NULL,
  `innings` bigint(20) NOT NULL,
  `catches` bigint(20) NOT NULL,
  `stumpings` bigint(20) NOT NULL,
  UNIQUE KEY `playerId` (`playerId`)
) ENGINE=InnoDB DEFAULT CHARSET=latin1;

--
-- Dumping data for table `fielding`
--

INSERT INTO `fielding` (`playerId`, `innings`, `catches`, `stumpings`) VALUES
(1000, 127, 56, 0),
(1001, 42, 66, 8),
(1002, 17, 8, 0),
(1003, 76, 52, 0),
(1004, 11, 7, 0),
(1005, 151, 54, 0),
(1006, 109, 34, 0),
(1007, 62, 25, 0),
(1008, 20, 11, 0),
(1009, 33, 19, 0),
(1010, 15, 11, 0),
(1011, 45, 18, 0),
(1012, 11, 5, 0),
(1013, 25, 13, 0),
(1014, 23, 15, 0),
(1015, 23, 13, 0),
(1016, 1, 0, 1),
(1017, 2, 0, 0),
(1018, 11, 2, 0),
(1019, 7, 3, 0),
(1020, 11, 5, 0),
(1021, 9, 1, 0),
(1022, 1, 0, 0),
(1023, 15, 5, 0),
(1024, 6, 2, 0),
(1025, 2, 0, 0),
(1026, 24, 12, 0),
(1027, 23, 6, 0),
(1028, 9, 4, 0),
(1029, 14, 4, 0),
(1030, 217, 101, 0),
(1031, 53, 30, 0),
(1032, 5, 2, 0),
(1033, 22, 17, 0),
(1034, 29, 11, 0),
(1035, 22, 5, 0),
(1036, 110, 154, 11),
(1037, 1, 0, 0),
(1038, 87, 31, 0),
(1039, 13, 7, 0),
(1040, 39, 24, 0),
(1041, 38, 30, 0),
(1042, 15, 6, 0),
(1043, 52, 19, 0),
(1044, 159, 62, 0),
(1045, 110, 44, 0),
(1046, 5, 1, 0),
(1047, 25, 9, 0),
(1048, 1, 0, 0),
(1049, 94, 34, 0),
(1050, 22, 4, 0),
(1051, 129, 104, 36),
(1052, 36, 19, 0),
(1053, 28, 9, 0),
(1054, 4, 1, 0),
(1055, 135, 36, 0),
(1056, 60, 28, 0),
(1057, 0, 0, 0),
(1058, 134, 34, 0),
(1059, 0, 0, 0),
(1060, 222, 229, 85),
(1061, 50, 26, 0),
(1062, 6, 2, 0),
(1063, 52, 22, 0),
(1064, 76, 39, 0),
(1065, 142, 69, 0),
(1066, 22, 15, 0),
(1067, 18, 11, 0),
(1068, 16, 7, 0),
(1069, 46, 22, 0),
(1070, 178, 90, 0),
(1071, 1, 2, 0),
(1072, 0, 0, 0),
(1073, 121, 43, 0),
(1074, 14, 7, 0),
(1075, 27, 17, 0),
(1076, 36, 15, 0),
(1077, 13, 6, 0),
(1078, 5, 1, 0),
(1079, 18, 7, 0),
(1080, 3, 7, 0),
(1081, 15, 5, 0),
(1082, 0, 0, 0),
(1083, 20, 13, 0),
(1084, 33, 14, 0),
(1085, 20, 12, 8),
(1086, 5, 8, 0),
(1087, 26, 7, 0),
(1088, 2, 1, 0),
(1089, 29, 18, 3),
(1090, 1, 0, 0),
(1091, 2, 1, 0),
(1092, 209, 253, 15),
(1093, 23, 3, 0),
(1094, 7, 1, 0),
(1095, 47, 9, 0),
(1096, 96, 45, 0),
(1097, 25, 13, 1),
(1098, 4, 4, 0),
(1099, 35, 21, 0),
(1100, 101, 42, 0),
(1101, 3, 1, 0),
(1102, 12, 10, 1),
(1103, 47, 20, 0),
(1104, 138, 98, 0),
(1105, 181, 82, 0),
(1106, 60, 26, 0),
(1107, 142, 63, 0),
(1108, 58, 22, 0),
(1109, 3, 0, 0),
(1110, 3, 1, 0),
(1111, 24, 8, 0),
(1112, 45, 12, 0),
(1113, 1, 0, 0),
(1114, 25, 30, 10),
(1115, 363, 124, 0),
(1116, 12, 3, 0),
(1117, 1, 0, 0),
(1118, 93, 65, 13),
(1119, 35, 14, 0),
(1120, 0, 0, 0),
(1121, 251, 133, 0),
(1122, 20, 5, 0),
(1123, 155, 54, 0),
(1124, 9, 6, 0),
(1125, 20, 10, 0),
(1126, 19, 3, 0),
(1127, 1, 0, 0),
(1128, 3, 1, 2),
(1129, 1, 1, 0),
(1130, 10, 1, 0),
(1131, 2, 0, 0),
(1132, 12, 4, 0),
(1133, 3, 0, 0),
(1134, 6, 2, 0),
(1135, 14, 5, 0),
(1136, 3, 0, 0),
(1137, 4, 4, 0),
(1138, 1, 0, 0),
(1139, 172, 150, 5),
(1140, 104, 50, 0),
(1141, 4, 3, 0),
(1142, 12, 6, 0),
(1143, 36, 60, 2),
(1144, 122, 53, 0),
(1145, 64, 39, 0),
(1146, 11, 7, 0),
(1147, 27, 19, 0),
(1148, 36, 25, 0),
(1149, 24, 5, 0),
(1150, 0, 0, 0),
(1151, 15, 5, 0),
(1152, 6, 3, 0),
(1153, 40, 22, 0),
(1154, 125, 36, 0),
(1155, 68, 29, 0),
(1156, 17, 7, 0),
(1157, 84, 33, 2),
(1158, 281, 110, 1),
(1159, 29, 11, 0),
(1160, 413, 217, 0),
(1161, 11, 3, 0),
(1162, 110, 40, 0),
(1163, 14, 5, 0),
(1164, 87, 25, 0),
(1165, 12, 4, 0),
(1166, 73, 40, 0),
(1167, 373, 397, 96),
(1168, 30, 17, 0),
(1169, 12, 1, 0),
(1170, 21, 6, 0),
(1171, 3, 0, 0),
(1172, 3, 1, 0),
(1173, 9, 5, 1),
(1174, 13, 4, 0),
(1175, 2, 1, 0),
(1176, 2, 1, 0),
(1177, 3, 2, 0),
(1178, 12, 4, 0),
(1179, 2, 1, 0),
(1180, 2, 0, 0),
(1181, 3, 0, 0),
(1182, 3, 0, 0),
(1183, 2, 4, 2),
(1184, 3, 1, 0),
(1185, 17, 6, 0),
(1186, 157, 44, 0),
(1187, 20, 3, 0),
(1188, 76, 25, 0),
(1189, 80, 52, 0),
(1190, 2, 1, 0),
(1191, 258, 109, 0),
(1192, 26, 17, 0),
(1193, 92, 154, 6),
(1194, 41, 16, 0),
(1195, 36, 9, 0),
(1196, 100, 66, 0),
(1197, 60, 26, 0),
(1198, 83, 28, 0),
(1199, 34, 18, 0),
(1200, 35, 12, 0),
(1201, 156, 58, 0),
(1202, 22, 13, 0),
(1203, 13, 3, 0),
(1204, 17, 5, 0),
(1205, 23, 3, 0),
(1206, 9, 6, 0),
(1207, 144, 56, 0),
(1208, 109, 37, 0),
(1209, 22, 6, 0),
(1210, 28, 8, 0),
(1211, 31, 7, 0),
(1212, 21, 10, 0),
(1213, 160, 94, 20),
(1214, 129, 48, 0),
(1215, 68, 24, 0);

-- --------------------------------------------------------

--
-- Table structure for table `playerData`
--

CREATE TABLE IF NOT EXISTS `playerData` (
  `playerId` bigint(20) NOT NULL,
  `form` bigint(20) NOT NULL,
  `confidence` bigint(20) NOT NULL,
  `cost` bigint(20) NOT NULL
) ENGINE=InnoDB DEFAULT CHARSET=latin1;

--
-- Dumping data for table `playerData`
--

INSERT INTO `playerData` (`playerId`, `form`, `confidence`, `cost`) VALUES
(1000, 1000, 1000, 1450000),
(1001, 1000, 1000, 1150000),
(1002, 1000, 1000, 1050000),
(1003, 1000, 1000, 1700000),
(1004, 1000, 1000, 1000000),
(1005, 1000, 1000, 1550000),
(1006, 1000, 1000, 1200000),
(1007, 1000, 1000, 1600000),
(1008, 1000, 1000, 1250000),
(1009, 1000, 1000, 1450000),
(1010, 1000, 1000, 1050000),
(1011, 1000, 1000, 1250000),
(1012, 1000, 1000, 1050000),
(1013, 1000, 1000, 1200000),
(1014, 1000, 1000, 1100000),
(1015, 1000, 1000, 1000000),
(1016, 1000, 1000, 1050000),
(1017, 1000, 1000, 900000),
(1018, 1000, 1000, 950000),
(1019, 1000, 1000, 950000),
(1020, 1000, 1000, 900000),
(1021, 1000, 1000, 1000000),
(1022, 1000, 1000, 950000),
(1023, 1000, 1000, 950000),
(1024, 1000, 1000, 1050000),
(1025, 1000, 1000, 1050000),
(1026, 1000, 1000, 1000000),
(1027, 1000, 1000, 1000000),
(1028, 1000, 1000, 1000000),
(1029, 1000, 1000, 1100000),
(1030, 1000, 1000, 1700000),
(1031, 1000, 1000, 1350000),
(1032, 1000, 1000, 1000000),
(1033, 1000, 1000, 1200000),
(1034, 1000, 1000, 1150000),
(1035, 1000, 1000, 1500000),
(1036, 1000, 1000, 1300000),
(1037, 1000, 1000, 1000000),
(1038, 1000, 1000, 1700000),
(1039, 1000, 1000, 1000000),
(1040, 1000, 1000, 1100000),
(1041, 1000, 1000, 1250000),
(1042, 1000, 1000, 1150000),
(1043, 1000, 1000, 1250000),
(1044, 1000, 1000, 1650000),
(1045, 1000, 1000, 1650000),
(1046, 1000, 1000, 1000000),
(1047, 1000, 1000, 1100000),
(1048, 1000, 1000, 950000),
(1049, 1000, 1000, 1300000),
(1050, 1000, 1000, 1000000),
(1051, 1000, 1000, 1350000),
(1052, 1000, 1000, 1000000),
(1053, 1000, 1000, 1200000),
(1054, 1000, 1000, 950000),
(1055, 1000, 1000, 1650000),
(1056, 1000, 1000, 1100000),
(1057, 1000, 1000, 1050000),
(1058, 1000, 1000, 1350000),
(1059, 1000, 1000, 950000),
(1060, 1000, 1000, 1550000),
(1061, 1000, 1000, 1400000),
(1062, 1000, 1000, 1000000),
(1063, 1000, 1000, 1350000),
(1064, 1000, 1000, 1500000),
(1065, 1000, 1000, 1700000),
(1066, 1000, 1000, 1150000),
(1067, 1000, 1000, 1200000),
(1068, 1000, 1000, 1150000),
(1069, 1000, 1000, 1150000),
(1070, 1000, 1000, 1650000),
(1071, 1000, 1000, 650000),
(1072, 1000, 1000, 900000),
(1073, 1000, 1000, 1450000),
(1074, 1000, 1000, 1100000),
(1075, 1000, 1000, 1350000),
(1076, 1000, 1000, 1150000),
(1077, 1000, 1000, 1000000),
(1078, 1000, 1000, 1000000),
(1079, 1000, 1000, 1050000),
(1080, 1000, 1000, 1050000),
(1081, 1000, 1000, 1150000),
(1082, 1000, 1000, 850000),
(1083, 1000, 1000, 950000),
(1084, 1000, 1000, 1050000),
(1085, 1000, 1000, 1100000),
(1086, 1000, 1000, 950000),
(1087, 1000, 1000, 1250000),
(1088, 1000, 1000, 900000),
(1089, 1000, 1000, 1100000),
(1090, 1000, 1000, 1000000),
(1091, 1000, 1000, 950000),
(1092, 1000, 1000, 1700000),
(1093, 1000, 1000, 1050000),
(1094, 1000, 1000, 1050000),
(1095, 1000, 1000, 1100000),
(1096, 1000, 1000, 1400000),
(1097, 1000, 1000, 1100000),
(1098, 1000, 1000, 950000),
(1099, 1000, 1000, 1150000),
(1100, 1000, 1000, 1700000),
(1101, 1000, 1000, 900000),
(1102, 1000, 1000, 1050000),
(1103, 1000, 1000, 1400000),
(1104, 1000, 1000, 1600000),
(1105, 1000, 1000, 1700000),
(1106, 1000, 1000, 1100000),
(1107, 1000, 1000, 1550000),
(1108, 1000, 1000, 1200000),
(1109, 1000, 1000, 950000),
(1110, 1000, 1000, 700000),
(1111, 1000, 1000, 1150000),
(1112, 1000, 1000, 1150000),
(1113, 1000, 1000, 900000),
(1114, 1000, 1000, 1150000),
(1115, 1000, 1000, 1700000),
(1116, 1000, 1000, 1050000),
(1117, 1000, 1000, 1000000),
(1118, 1000, 1000, 1250000),
(1119, 1000, 1000, 1150000),
(1120, 1000, 1000, 950000),
(1121, 1000, 1000, 1250000),
(1122, 1000, 1000, 1200000),
(1123, 1000, 1000, 1400000),
(1124, 1000, 1000, 1050000),
(1125, 1000, 1000, 1100000),
(1126, 1000, 1000, 1150000),
(1127, 1000, 1000, 800000),
(1128, 1000, 1000, 1050000),
(1129, 1000, 1000, 950000),
(1130, 1000, 1000, 1000000),
(1131, 1000, 1000, 600000),
(1132, 1000, 1000, 1050000),
(1133, 1000, 1000, 1050000),
(1134, 1000, 1000, 950000),
(1135, 1000, 1000, 1100000),
(1136, 1000, 1000, 900000),
(1137, 1000, 1000, 900000),
(1138, 1000, 1000, 900000),
(1139, 1000, 1000, 1700000),
(1140, 1000, 1000, 1700000),
(1141, 1000, 1000, 1000000),
(1142, 1000, 1000, 1100000),
(1143, 1000, 1000, 1100000),
(1144, 1000, 1000, 1500000),
(1145, 1000, 1000, 1050000),
(1146, 1000, 1000, 1150000),
(1147, 1000, 1000, 1300000),
(1148, 1000, 1000, 1500000),
(1149, 1000, 1000, 1200000),
(1150, 1000, 1000, 900000),
(1151, 1000, 1000, 1100000),
(1152, 1000, 1000, 1050000),
(1153, 1000, 1000, 1500000),
(1154, 1000, 1000, 1400000),
(1155, 1000, 1000, 1200000),
(1156, 1000, 1000, 1150000),
(1157, 1000, 1000, 1150000),
(1158, 1000, 1000, 1700000),
(1159, 1000, 1000, 1250000),
(1160, 1000, 1000, 1700000),
(1161, 1000, 1000, 850000),
(1162, 1000, 1000, 1650000),
(1163, 1000, 1000, 1100000),
(1164, 1000, 1000, 1700000),
(1165, 1000, 1000, 950000),
(1166, 1000, 1000, 1400000),
(1167, 1000, 1000, 1700000),
(1168, 1000, 1000, 1150000),
(1169, 1000, 1000, 1050000),
(1170, 1000, 1000, 1100000),
(1171, 1000, 1000, 850000),
(1172, 1000, 1000, 900000),
(1173, 1000, 1000, 1050000),
(1174, 1000, 1000, 1000000),
(1175, 1000, 1000, 900000),
(1176, 1000, 1000, 900000),
(1177, 1000, 1000, 900000),
(1178, 1000, 1000, 1000000),
(1179, 1000, 1000, 1000000),
(1180, 1000, 1000, 1000000),
(1181, 1000, 1000, 1050000),
(1182, 1000, 1000, 950000),
(1183, 1000, 1000, 1050000),
(1184, 1000, 1000, 1150000),
(1185, 1000, 1000, 1100000),
(1186, 1000, 1000, 1450000),
(1187, 1000, 1000, 1100000),
(1188, 1000, 1000, 1200000),
(1189, 1000, 1000, 1150000),
(1190, 1000, 1000, 900000),
(1191, 1000, 1000, 1700000),
(1192, 1000, 1000, 1150000),
(1193, 1000, 1000, 1250000),
(1194, 1000, 1000, 1300000),
(1195, 1000, 1000, 1150000),
(1196, 1000, 1000, 1350000),
(1197, 1000, 1000, 1150000),
(1198, 1000, 1000, 1250000),
(1199, 1000, 1000, 1350000),
(1200, 1000, 1000, 1250000),
(1201, 1000, 1000, 1400000),
(1202, 1000, 1000, 1100000),
(1203, 1000, 1000, 1050000),
(1204, 1000, 1000, 950000),
(1205, 1000, 1000, 1150000),
(1206, 1000, 1000, 1000000),
(1207, 1000, 1000, 1350000),
(1208, 1000, 1000, 1150000),
(1209, 1000, 1000, 1000000),
(1210, 1000, 1000, 1150000),
(1211, 1000, 1000, 1100000),
(1212, 1000, 1000, 1050000),
(1213, 1000, 1000, 1550000),
(1214, 1000, 1000, 1550000);

-- --------------------------------------------------------

--
-- Table structure for table `players`
--

CREATE TABLE IF NOT EXISTS `players` (
  `playerId` bigint(20) NOT NULL,
  `name` varchar(100) NOT NULL,
  `country` varchar(50) NOT NULL,
  `photoUrl` varchar(400) NOT NULL,
  `type` varchar(20) NOT NULL,
  `matches` bigint(20) NOT NULL,
  `captain` varchar(20) NOT NULL,
  `secondName` varchar(40) NOT NULL,
  `roundOne` int(11) NOT NULL,
  `roundTwo` int(11) NOT NULL,
  `roundThree` int(11) NOT NULL,
  `roundFour` int(11) NOT NULL,
  `roundFive` int(11) NOT NULL,
  `roundSix` int(11) NOT NULL,
  `roundSeven` int(11) NOT NULL,
  `roundEight` int(11) NOT NULL,
  UNIQUE KEY `playerId` (`playerId`)
) ENGINE=InnoDB DEFAULT CHARSET=latin1;

--
-- Dumping data for table `players`
--

INSERT INTO `players` (`playerId`, `name`, `country`, `photoUrl`, `type`, `matches`, `captain`, `secondName`, `roundOne`, `roundTwo`, `roundThree`, `roundFour`, `roundFive`, `roundSix`, `roundSeven`, `roundEight`) VALUES
(1000, 'Eoin Morgan', 'England', './../playerImages/1000.jpg', 'Batsman', 135, 'Captain', '', 0, 0, 0, 0, 0, 0, 0, 0),
(1001, 'Jos Buttler', 'England', './../playerImages/1001.jpg', 'Wicketkeeper', 49, '', '', 0, 0, 0, 0, 0, 0, 0, 0),
(1002, 'Moeen Ali', 'England', './../playerImages/1002.jpg', 'All-Rounder', 17, '', 'MM Ali', 0, 0, 0, 0, 0, 0, 0, 0),
(1003, 'James Anderson', 'England', './../playerImages/1003.jpg', 'Pace Bowler', 188, '', 'JM Anderson', 0, 0, 0, 0, 0, 0, 0, 0),
(1004, 'Gary Ballance', 'England', './../playerImages/1004.jpg', 'Batsman', 12, '', '', 0, 0, 0, 0, 0, 0, 0, 0),
(1005, 'Ian Bell', 'England', './../playerImages/1005.jpg', 'Batsman', 155, '', '', 0, 0, 0, 0, 0, 0, 0, 0),
(1006, 'Ravi Bopara', 'England', './../playerImages/1006.jpg', 'All-Rounder', 119, '', '', 0, 0, 0, 0, 0, 0, 0, 0),
(1007, 'Stuart Broad', 'England', './../playerImages/1007.jpg', 'Pace Bowler', 113, '', '', 0, 0, 0, 0, 0, 0, 0, 0),
(1008, 'Steven Finn', 'England', './../playerImages/1008.jpg', 'Pace Bowler', 52, '', '', 0, 0, 0, 0, 0, 0, 0, 0),
(1009, 'Alex Hales', 'England', './../playerImages/1009.jpg', 'Batsman', 33, '', '', 0, 0, 0, 0, 0, 0, 0, 0),
(1010, 'Chris Jordan', 'England', './../playerImages/1010.jpg', 'Pace Bowler', 20, '', '', 0, 0, 0, 0, 0, 0, 0, 0),
(1011, 'Joe Root', 'England', './../playerImages/1011.jpg', 'Batsman', 48, '', '', 0, 0, 0, 0, 0, 0, 0, 0),
(1012, 'James Taylor', 'England', './../playerImages/1012.jpg', 'Batsman', 11, '', 'JWA Taylor', 0, 0, 0, 0, 0, 0, 0, 0),
(1013, 'James Tredwell', 'England', './../playerImages/1013.jpg', 'Spin Bowler', 44, '', '', 0, 0, 0, 0, 0, 0, 0, 0),
(1014, 'Chris Woakes', 'England', './../playerImages/1014.jpg', 'All-Rounder', 29, '', '', 0, 0, 0, 0, 0, 0, 0, 0),
(1015, 'Mohammad Nabi', 'Afghanistan', './../playerImages/1015.jpg', 'Pace Bowler', 25, 'Captain', '', 27, 0, 0, 0, 0, 0, 0, 0),
(1016, 'Afsar Zazai', 'Afghanistan', './../playerImages/1016.jpg', 'Wicketkeeper', 1, '', '', 50, 0, 0, 0, 0, 0, 0, 0),
(1017, 'Aftab Alam', 'Afghanistan', './../playerImages/1017.jpg', 'Pace Bowler', 4, '', '', -25, 0, 0, 0, 0, 0, 0, 0),
(1018, 'Asghar Stanikzai', 'Afghanistan', './../playerImages/1018.jpg', 'Batsman', 13, '', '', 55, 0, 0, 0, 0, 0, 0, 0),
(1019, 'Dawlat Zadran', 'Afghanistan', './../playerImages/1019.jpg', 'Pace Bowler', 11, '', '', 10, 0, 0, 0, 0, 0, 0, 0),
(1020, 'Gulbadin Naib', 'Afghanistan', './../playerImages/1020.jpg', ' All-Rounder', 13, '', '', 0, 0, 0, 0, 0, 0, 0, 0),
(1021, 'Hamid Hassan', 'Afghanistan', './../playerImages/1021.jpg', ' Pace Bowler', 14, '', '', 21, 0, 0, 0, 0, 0, 0, 0),
(1022, 'Javed Ahmadi', 'Afghanistan', './../playerImages/1022.jpg', 'Batsman', 2, '', '', 22, 0, 0, 0, 0, 0, 0, 0),
(1023, 'Mirwais Ashraf', 'Afghanistan', './../playerImages/1023.jpg', 'Pace Bowler', 17, '', '', 14, 0, 0, 0, 0, 0, 0, 0),
(1024, 'Najibullah Zadran', 'Afghanistan', './../playerImages/1024.jpg', 'Batsman', 8, '', '', 8, 0, 0, 0, 0, 0, 0, 0),
(1025, 'Nasir Jamal', 'Afghanistan', './../playerImages/1025.jpg', 'All-Rounder', 1, '', '', 6, 0, 0, 0, 0, 0, 0, 0),
(1026, 'Nawroz Mangal', 'Afghanistan', './../playerImages/1026.jpg', 'Batsman', 24, '', '', 167, 0, 0, 0, 0, 0, 0, 0),
(1027, 'Samiullah Shenwari', 'Afghanistan', './../playerImages/1027.jpg', 'All-Rounder', 25, '', '', 23, 0, 0, 0, 0, 0, 0, 0),
(1028, 'Shapoor Zadran', 'Afghanistan', './../playerImages/1028.jpg', 'Pace Bowler', 20, '', '', 20, 0, 0, 0, 0, 0, 0, 0),
(1029, 'Usman Ghani', 'Afghanistan', './../playerImages/1029.jpg', 'Batsman', 14, '', '', 125, 0, 0, 0, 0, 0, 0, 0),
(1030, 'Michael Clarke', 'Australia', './../playerImages/1030.jpg', 'Batsman', 238, 'Captain', '', 0, 0, 0, 0, 0, 0, 0, 0),
(1031, 'George Bailey', 'Australia', './../playerImages/1031.jpg', 'Batsman', 56, '', '', 0, 0, 0, 0, 0, 0, 0, 0),
(1032, 'Pat Cummins', 'Australia', './../playerImages/1032.jpg', 'Pace Bowler', 10, '', '', 0, 0, 0, 0, 0, 0, 0, 0),
(1033, 'Xavier Doherty', 'Australia', './../playerImages/1033.jpg', 'Spin Bowler', 59, '', '', 0, 0, 0, 0, 0, 0, 0, 0),
(1034, 'James Faulkner', 'Australia', './../playerImages/1034.jpg', 'All-Rounder', 38, '', '', 0, 0, 0, 0, 0, 0, 0, 0),
(1035, 'Aaron Finch', 'Australia', './../playerImages/1035.jpg', 'Batsman', 22, '', '', 0, 0, 0, 0, 0, 0, 0, 0),
(1036, 'Brad Haddin', 'Australia', './../playerImages/1036.jpg', 'Wicketkeeper', 118, '', '', 0, 0, 0, 0, 0, 0, 0, 0),
(1037, 'Josh Hazlewood', 'Australia', './../playerImages/1037.jpg', 'Pace Bowler', 8, '', '', 0, 0, 0, 0, 0, 0, 0, 0),
(1038, 'Mitchell Johnson', 'Australia', './../playerImages/1038.jpg', 'Pace Bowler', 145, '', '', 0, 0, 0, 0, 0, 0, 0, 0),
(1039, 'Mitchell Marsh', 'Australia', './../playerImages/1039.jpg', 'All-Rounder', 14, '', '', 0, 0, 0, 0, 0, 0, 0, 0),
(1040, 'Glenn Maxwell', 'Australia', './../playerImages/1040.jpg', 'All-Rounder', 41, '', '', 0, 0, 0, 0, 0, 0, 0, 0),
(1041, 'Steven Smith', 'Australia', './../playerImages/1041.jpg', 'Batsman', 50, '', 'SPD Smith', 0, 0, 0, 0, 0, 0, 0, 0),
(1042, 'Mitchell Starc', 'Australia', './../playerImages/1042.jpg', 'Pace Bowler', 33, '', '', 0, 0, 0, 0, 0, 0, 0, 0),
(1043, 'David Warner', 'Australia', './../playerImages/1043.jpg', 'Batsman', 54, '', '', 0, 0, 0, 0, 0, 0, 0, 0),
(1044, 'Shane Watson', 'Australia', './../playerImages/1044.jpg', 'Batsman', 180, '', '', 0, 0, 0, 0, 0, 0, 0, 0),
(1045, 'Mashrafe Mortaza', 'Bangladesh', './../playerImages/1045.jpg', 'Pace Bowler', 144, 'Captain', '', 0, 0, 0, 0, 0, 0, 0, 0),
(1046, 'Al-Amin Hossain', 'Bangladesh', './../playerImages/1046.jpg', ' Pace Bowler', 11, '', '', 0, 0, 0, 0, 0, 0, 0, 0),
(1047, 'Anamul Haque', 'Bangladesh', './../playerImages/1047.jpg', 'Wicketkeeper', 27, '', '', 0, 0, 0, 0, 0, 0, 0, 0),
(1048, 'Arafat Sunny', 'Bangladesh', './../playerImages/1048.jpg', ' Pace Bowler', 2, '', '', 0, 0, 0, 0, 0, 0, 0, 0),
(1049, 'Mahmudullah', 'Bangladesh', './../playerImages/1049.jpg', 'All-Rounder', 110, '', '', 0, 0, 0, 0, 0, 0, 0, 0),
(1050, 'Mominul Haque', 'Bangladesh', './../playerImages/1050.jpg', 'Batsman', 24, '', '', 0, 0, 0, 0, 0, 0, 0, 0),
(1051, 'Mushfiqur Rahim', 'Bangladesh', './../playerImages/1051.jpg', 'Wicketkeeper', 140, '', '', 0, 0, 0, 0, 0, 0, 0, 0),
(1052, 'Nasir Hossain', 'Bangladesh', './../playerImages/1052.jpg', 'All-Rounder', 41, '', '', 0, 0, 0, 0, 0, 0, 0, 0),
(1053, 'Rubel Hossain', 'Bangladesh', './../playerImages/1053.jpg', 'Pace Bowler', 53, '', '', 0, 0, 0, 0, 0, 0, 0, 0),
(1054, 'Sabbir Rahman', 'Bangladesh', './../playerImages/1054.jpg', ' All-Rounder', 5, '', '', 0, 0, 0, 0, 0, 0, 0, 0),
(1055, 'Shakib Al Hasan', 'Bangladesh', './../playerImages/1055.jpg', 'All-Rounder', 141, '', '', 0, 0, 0, 0, 0, 0, 0, 0),
(1056, 'Soumya Sarkar', 'Bangladesh', './../playerImages/1056.jpg', 'All-Rounder', 32, '', '', 0, 0, 0, 0, 0, 0, 0, 0),
(1057, 'Taijul Islam', 'Bangladesh', './../playerImages/1057.jpg', ' Spin Bowler', 1, '', '', 0, 0, 0, 0, 0, 0, 0, 0),
(1058, 'Tamim Iqbal', 'Bangladesh', './../playerImages/1058.jpg', 'Batsman', 135, '', '', 0, 0, 0, 0, 0, 0, 0, 0),
(1059, 'Taskin Ahmed', 'Bangladesh', './../playerImages/1059.jpg', ' Pace Bowler', 2, '', '', 0, 0, 0, 0, 0, 0, 0, 0),
(1060, 'MS Dhoni', 'India', './../playerImages/1060.jpg', 'Wicketkeeper', 254, 'Captain', '', 30, 0, 0, 0, 0, 0, 0, 0),
(1061, 'Ravichandran Ashwin', 'India', './../playerImages/1061.jpg', 'Spin Bowler', 88, '', '', 51, 0, 0, 0, 0, 0, 0, 0),
(1062, 'Stuart Binny', 'India', './../playerImages/1062.jpg', 'All-Rounder', 9, '', '', 0, 0, 0, 0, 0, 0, 0, 0),
(1063, 'Shikhar Dhawan', 'India', './../playerImages/1063.jpg', 'Batsman', 53, '', '', 12, 0, 0, 0, 0, 0, 0, 0),
(1064, 'Ravindra Jadeja', 'India', './../playerImages/1064.jpg', 'All-Rounder', 111, '', '', 109, 0, 0, 0, 0, 0, 0, 0),
(1065, 'Virat Kohli', 'India', './../playerImages/1065.jpg', 'Batsman', 150, '', '', 15, 0, 0, 0, 0, 0, 0, 0),
(1066, 'Bhuvneshwar Kumar', 'India', './../playerImages/1066.jpg', 'Pace Bowler', 44, '', '', 0, 0, 0, 0, 0, 0, 0, 0),
(1067, 'Mohammed Shami', 'India', './../playerImages/1067.jpg', 'Pace Bowler', 40, '', '', 15, 0, 0, 0, 0, 0, 0, 0),
(1068, 'Axar Patel', 'India', './../playerImages/1068.jpg', ' All-Rounder', 11, '', '', 0, 0, 0, 0, 0, 0, 0, 0),
(1069, 'Ajinkya Rahane', 'India', './../playerImages/1069.jpg', 'Batsman', 46, '', '', 196, 0, 0, 0, 0, 0, 0, 0),
(1070, 'Suresh Raina', 'India', './../playerImages/1070.jpg', 'Batsman', 207, '', '', 236, 0, 0, 0, 0, 0, 0, 0),
(1071, 'Ambati Rayudu', 'India', './../playerImages/1071.jpg', 'Batsman', 1, '', '', 0, 0, 0, 0, 0, 0, 0, 0),
(1072, 'Mohit Sharma', 'India', './../playerImages/1072.jpg', 'Pace Bowler', 4, '', 'MM Sharma', 86, 0, 0, 0, 0, 0, 0, 0),
(1073, 'Rohit Sharma', 'India', './../playerImages/1073.jpg', 'Batsman', 127, '', 'RG Sharma', 364, 0, 0, 0, 0, 0, 0, 0),
(1074, 'Umesh Yadav', 'India', './../playerImages/1074.jpg', 'Pace Bowler', 40, '', '', 50, 0, 0, 0, 0, 0, 0, 0),
(1075, 'Ishant Sharma', 'India', './../playerImages/1075.jpg', 'Pace Bowler', 76, '', 'I Sharma', 0, 0, 0, 0, 0, 0, 0, 0),
(1076, 'William Porterfield', 'Ireland', './../playerImages/1076.jpg', 'Batsman', 37, 'Captain', '', 0, 0, 0, 0, 0, 0, 0, 0),
(1077, 'Andy Balbirnie', 'Ireland', './../playerImages/1077.jpg', ' Wicketkeeper', 9, '', '', 0, 0, 0, 0, 0, 0, 0, 0),
(1078, 'Peter Chase', 'Ireland', './../playerImages/1078.jpg', 'Pace Bowler ', 3, '', '', 0, 0, 0, 0, 0, 0, 0, 0),
(1079, 'Alex Cusack', 'Ireland', './../playerImages/1079.jpg', ' All-Rounder', 30, '', '', 0, 0, 0, 0, 0, 0, 0, 0),
(1080, 'George Dockrell', 'Ireland', './../playerImages/1080.jpg', 'Spin Bowler', 26, '', '', 0, 0, 0, 0, 0, 0, 0, 0),
(1081, 'Ed Joyce', 'Ireland', './../playerImages/1081.jpg', 'Batsman', 18, '', '', 0, 0, 0, 0, 0, 0, 0, 0),
(1082, 'Andy McBrine', 'Ireland', './../playerImages/1082.jpg', ' Spin Bowler', 2, '', '', 0, 0, 0, 0, 0, 0, 0, 0),
(1083, 'John Mooney', 'Ireland', './../playerImages/1083.jpg', 'All-Rounder', 23, '', '', 0, 0, 0, 0, 0, 0, 0, 0),
(1084, 'Kevin O''Brien', 'Ireland', './../playerImages/1084.jpg', ' All-Rounder', 37, '', 'KJ O''Brien', 0, 0, 0, 0, 0, 0, 0, 0),
(1085, 'Niall O''Brien', 'Ireland', './../playerImages/1085.jpg', 'Wicketkeeper', 21, '', 'NJ O''Brien', 0, 0, 0, 0, 0, 0, 0, 0),
(1086, 'Max Sorensen', 'Ireland', './../playerImages/1086.jpg', 'Pace Bowler', 16, '', '', 0, 0, 0, 0, 0, 0, 0, 0),
(1087, 'Paul Stirling', 'Ireland', './../playerImages/1087.jpg', 'Batsman', 26, '', '', 0, 0, 0, 0, 0, 0, 0, 0),
(1088, 'Stuart Thompson', 'Ireland', './../playerImages/1088.jpg', 'All-Rounder', 5, '', '', 0, 0, 0, 0, 0, 0, 0, 0),
(1089, 'Gary Wilson', 'Ireland', './../playerImages/1089.jpg', 'Wicketkeeper', 34, '', '', 0, 0, 0, 0, 0, 0, 0, 0),
(1090, 'Craig Young', 'Ireland', './../playerImages/1090.jpg', 'Pace Bowler', 1, '', '', 0, 0, 0, 0, 0, 0, 0, 0),
(1091, 'Tim Murtagh', 'Ireland', './../playerImages/1091.jpg', 'Pace Bowler', 7, '', '', 0, 0, 0, 0, 0, 0, 0, 0),
(1092, 'Brendon McCullum', 'New Zealand', './../playerImages/1092.jpg', 'Batsman', 240, 'Captain', 'BB McCullum', 0, 0, 0, 0, 0, 0, 0, 0),
(1093, 'Corey Anderson', 'New Zealand', './../playerImages/1093.jpg', 'All-Rounder', 26, '', 'CJ Anderson', 0, 0, 0, 0, 0, 0, 0, 0),
(1094, 'Trent Boult', 'New Zealand', './../playerImages/1094.jpg', 'Pace Bowler', 16, '', '', 0, 0, 0, 0, 0, 0, 0, 0),
(1095, 'Grant Elliott', 'New Zealand', './../playerImages/1095.jpg', 'All-Rounder', 58, '', '', 0, 0, 0, 0, 0, 0, 0, 0),
(1096, 'Martin Guptill', 'New Zealand', './../playerImages/1096.jpg', 'Batsman', 99, '', '', 0, 0, 0, 0, 0, 0, 0, 0),
(1097, 'Tom Latham', 'New Zealand', './../playerImages/1097.jpg', 'Wicketkeeper', 26, '', '', 0, 0, 0, 0, 0, 0, 0, 0),
(1098, 'Mitchell McClenaghan', 'New Zealand', './../playerImages/1098.jpg', 'Pace Bowler', 16, '', '', 0, 0, 0, 0, 0, 0, 0, 0),
(1099, 'Nathan McCullum', 'New Zealand', './../playerImages/1099.jpg', 'All-Rounder', 57, '', 'NL McCullum', 0, 0, 0, 0, 0, 0, 0, 0),
(1100, 'Kyle Mills', 'New Zealand', './../playerImages/1100.jpg', 'Pace Bowler', 170, '', '', 0, 0, 0, 0, 0, 0, 0, 0),
(1101, 'Adam Milne', 'New Zealand', './../playerImages/1101.jpg', 'Pace Bowler', 7, '', '', 0, 0, 0, 0, 0, 0, 0, 0),
(1102, 'Luke Ronchi', 'New Zealand', './../playerImages/1102.jpg', 'Wicketkeeper', 15, '', '', 0, 0, 0, 0, 0, 0, 0, 0),
(1103, 'Tim Southee', 'New Zealand', './../playerImages/1103.jpg', 'Pace Bowler', 85, '', '', 0, 0, 0, 0, 0, 0, 0, 0),
(1104, 'Ross Taylor', 'New Zealand', './../playerImages/1104.jpg', 'Batsman', 150, '', 'LRPL Taylor', 0, 0, 0, 0, 0, 0, 0, 0),
(1105, 'Daniel Vettori', 'New Zealand', './../playerImages/1105.jpg', 'All-Rounder', 286, '', '', 0, 0, 0, 0, 0, 0, 0, 0),
(1106, 'Kane Williamson', 'New Zealand', './../playerImages/1106.jpg', 'All-Rounder', 65, '', '', 0, 0, 0, 0, 0, 0, 0, 0),
(1107, 'Misbah-ul-Haq', 'Pakistan', './../playerImages/1107.jpg', 'Batsman', 155, 'Captain', '', 0, 0, 0, 0, 0, 0, 0, 0),
(1108, 'Ahmed Shehzad', 'Pakistan', './../playerImages/1108.jpg', 'Batsman', 58, '', '', 0, 0, 0, 0, 0, 0, 0, 0),
(1109, 'Ehsan Adil', 'Pakistan', './../playerImages/1109.jpg', 'Pace Bowler ', 4, '', '', 0, 0, 0, 0, 0, 0, 0, 0),
(1110, 'Haris Sohail', 'Pakistan', './../playerImages/1110.jpg', 'Batsman', 3, '', '', 0, 0, 0, 0, 0, 0, 0, 0),
(1111, 'Mohammad Irfan', 'Pakistan', './../playerImages/1111.jpg', 'Pace Bowler', 40, '', '', 0, 0, 0, 0, 0, 0, 0, 0),
(1112, 'Nasir Jamshed', 'Pakistan', './../playerImages/1112.jpg', 'Batsman', 45, '', '', 0, 0, 0, 0, 0, 0, 0, 0),
(1113, 'Rahat Ali', 'Pakistan', './../playerImages/1113.jpg', 'Pace Bowler', 1, '', '', 0, 0, 0, 0, 0, 0, 0, 0),
(1114, 'Sarfraz Ahmed', 'Pakistan', './../playerImages/1114.jpg', 'Wicketkeeper', 36, '', '', 0, 0, 0, 0, 0, 0, 0, 0),
(1115, 'Shahid Afridi', 'Pakistan', './../playerImages/1115.jpg', 'All-Rounder', 391, '', '', 0, 0, 0, 0, 0, 0, 0, 0),
(1116, 'Sohaib Maqsood', 'Pakistan', './../playerImages/1116.jpg', 'Batsman', 14, '', '', 0, 0, 0, 0, 0, 0, 0, 0),
(1117, 'Sohail Khan', 'Pakistan', './../playerImages/1117.jpg', ' Pace Bowler', 5, '', '', 0, 0, 0, 0, 0, 0, 0, 0),
(1118, 'Umar Akmal', 'Pakistan', './../playerImages/1118.jpg', 'Wicketkeeper', 104, '', '', 0, 0, 0, 0, 0, 0, 0, 0),
(1119, 'Wahab Riaz', 'Pakistan', './../playerImages/1119.jpg', 'Pace Bowler', 47, '', '', 0, 0, 0, 0, 0, 0, 0, 0),
(1120, 'Yasir Shah', 'Pakistan', './../playerImages/1120.jpg', ' Spin Bowler', 1, '', '', 0, 0, 0, 0, 0, 0, 0, 0),
(1121, 'Younis Khan', 'Pakistan', './../playerImages/1121.jpg', ' Batsman', 261, '', '', 0, 0, 0, 0, 0, 0, 0, 0),
(1122, 'Junaid Khan', 'Pakistan', './../playerImages/1122.jpg', 'Pace Bowler', 48, '', '', 0, 0, 0, 0, 0, 0, 0, 0),
(1123, 'Mohammad Hafeez', 'Pakistan', './../playerImages/1123.jpg', 'Batsman', 155, '', '', 0, 0, 0, 0, 0, 0, 0, 0),
(1124, 'Preston Mommsen', 'Scotland', './../playerImages/1124.jpg', 'Batsman', 9, '', '', 0, 0, 0, 0, 0, 0, 0, 0),
(1125, 'Kyle Coetzer', 'Scotland', './../playerImages/1125.jpg', 'Batsman', 20, 'Captain', '', 0, 0, 0, 0, 0, 0, 0, 0),
(1126, 'Richie Berrington', 'Scotland', './../playerImages/1126.jpg', 'Batsman', 21, '', '', 0, 0, 0, 0, 0, 0, 0, 0),
(1127, 'Freddie Coleman', 'Scotland', './../playerImages/1127.jpg', 'Batsman', 1, '', '', 0, 0, 0, 0, 0, 0, 0, 0),
(1128, 'Matthew Cross', 'Scotland', './../playerImages/1128.jpg', ' Wicketkeeper', 4, '', '', 0, 0, 0, 0, 0, 0, 0, 0),
(1129, 'Josh Davey', 'Scotland', './../playerImages/1129.jpg', 'Pace Bowler', 1, '', '', 0, 0, 0, 0, 0, 0, 0, 0),
(1130, 'Alasdair Evans', 'Scotland', './../playerImages/1130.jpg', 'Pace Bowler', 8, '', '', 0, 0, 0, 0, 0, 0, 0, 0),
(1131, 'Hamish Gardiner', 'Scotland', './../playerImages/1131.jpg', 'Batsman', 1, '', '', 0, 0, 0, 0, 0, 0, 0, 0),
(1132, 'Majid Haq', 'Scotland', './../playerImages/1132.jpg', 'All-Rounder', 21, '', '', 0, 0, 0, 0, 0, 0, 0, 0),
(1133, 'Michael Leask', 'Scotland', './../playerImages/1133.jpg', 'All-Rounder', 3, '', '', 0, 0, 0, 0, 0, 0, 0, 0),
(1134, 'Matt Machan', 'Scotland', './../playerImages/1134.jpg', 'All-Rounder', 6, '', '', 0, 0, 0, 0, 0, 0, 0, 0),
(1135, 'Calum MacLeod', 'Scotland', './../playerImages/1135.jpg', 'Batsman', 15, '', '', 0, 0, 0, 0, 0, 0, 0, 0),
(1136, 'Safyaan Sharif', 'Scotland', './../playerImages/1136.jpg', 'Pace Bowler', 7, '', '', 0, 0, 0, 0, 0, 0, 0, 0),
(1137, 'Rob Taylor', 'Scotland', './../playerImages/1137.jpg', 'Pace Bowler', 4, '', 'RML Taylor', 0, 0, 0, 0, 0, 0, 0, 0),
(1138, 'Iain Wardlaw', 'Scotland', './../playerImages/1138.jpg', 'Pace Bowler', 4, '', '', 0, 0, 0, 0, 0, 0, 0, 0),
(1139, 'AB de Villiers', 'South Africa', './../playerImages/1139.jpg', 'Batsman', 179, 'Captain', '', 0, 0, 0, 0, 0, 0, 0, 0),
(1140, 'Hashim Amla', 'South Africa', './../playerImages/1140.jpg', 'Batsman', 107, '', '', 0, 0, 0, 0, 0, 0, 0, 0),
(1141, 'Kyle Abbott', 'South Africa', './../playerImages/1141.jpg', 'Pace Bowler', 11, '', '', 0, 0, 0, 0, 0, 0, 0, 0),
(1142, 'Farhaan Behardien', 'South Africa', './../playerImages/1142.jpg', 'Batsman', 19, '', '', 0, 0, 0, 0, 0, 0, 0, 0),
(1143, 'Quinton de Kock', 'South Africa', './../playerImages/1143.jpg', 'Wicketkeeper', 36, '', '', 0, 0, 0, 0, 0, 0, 0, 0),
(1144, 'Jean-Paul Duminy', 'South Africa', './../playerImages/1144.jpg', 'Batsman', 134, '', '', 0, 0, 0, 0, 0, 0, 0, 0),
(1145, 'Faf du Plessis', 'South Africa', './../playerImages/1145.jpg', ' All-Rounder', 67, '', '', 0, 0, 0, 0, 0, 0, 0, 0),
(1146, 'Imran Tahir', 'South Africa', './../playerImages/1146.jpg', 'Pace Bowler', 30, '', '', 0, 0, 0, 0, 0, 0, 0, 0),
(1147, 'David Miller', 'South Africa', './../playerImages/1147.jpg', 'Batsman', 31, '', 'DA Miller', 0, 0, 0, 0, 0, 0, 0, 0),
(1148, 'Morne Morkel', 'South Africa', './../playerImages/1148.jpg', 'Pace Bowler', 91, '', '', 0, 0, 0, 0, 0, 0, 0, 0),
(1149, 'Wayne Parnell', 'South Africa', './../playerImages/1149.jpg', 'Pace Bowler', 45, '', '', 0, 0, 0, 0, 0, 0, 0, 0),
(1150, 'Aaron Phangiso', 'South Africa', './../playerImages/1150.jpg', 'Pace Bowler', 5, '', '', 0, 0, 0, 0, 0, 0, 0, 0),
(1151, 'Vernon Philander', 'South Africa', './../playerImages/1151.jpg', 'Pace Bowler', 24, '', '', 0, 0, 0, 0, 0, 0, 0, 0),
(1152, 'Rilee Rossouw', 'South Africa', './../playerImages/1152.jpg', ' Batsman', 6, '', '', 0, 0, 0, 0, 0, 0, 0, 0),
(1153, 'Dale Steyn', 'South Africa', './../playerImages/1153.jpg', 'Pace Bowler', 96, '', '', 0, 0, 0, 0, 0, 0, 0, 0),
(1154, 'Angelo Mathews', 'Sri Lanka', './../playerImages/1154.jpg', 'All-Rounder', 149, 'Captain', '', 0, 0, 0, 0, 0, 0, 0, 0),
(1155, 'Lahiru Thirimanne', 'Sri Lanka', './../playerImages/1155.jpg', 'Batsman', 87, '', '', 0, 0, 0, 0, 0, 0, 0, 0),
(1156, 'Dushmantha Chameera', 'Sri Lanka', './../playerImages/1156.jpg', 'Pace Bowler', 20, '', '', 0, 0, 0, 0, 0, 0, 0, 0),
(1157, 'Dinesh Chandimal', 'Sri Lanka', './../playerImages/1157.jpg', 'Wicketkeeper', 92, '', '', 0, 0, 0, 0, 0, 0, 0, 0),
(1158, 'Tillakaratne Dilshan', 'Sri Lanka', './../playerImages/1158.jpg', 'Batsman', 307, '', '', 0, 0, 0, 0, 0, 0, 0, 0),
(1159, 'Rangana Herath', 'Sri Lanka', './../playerImages/1159.jpg', 'Spin Bowler', 67, '', '', 0, 0, 0, 0, 0, 0, 0, 0),
(1160, 'Mahela Jayawardene', 'Sri Lanka', './../playerImages/1160.jpg', 'Batsman', 441, '', '', 0, 0, 0, 0, 0, 0, 0, 0),
(1161, 'Dimuth Karunaratne', 'Sri Lanka', './../playerImages/1161.jpg', 'Batsman', 13, '', '', 0, 0, 0, 0, 0, 0, 0, 0),
(1162, 'Nuwan Kulasekara', 'Sri Lanka', './../playerImages/1162.jpg', 'Pace Bowler', 165, '', '', 0, 0, 0, 0, 0, 0, 0, 0),
(1163, 'Suranga Lakmal', 'Sri Lanka', './../playerImages/1163.jpg', 'Pace Bowler', 31, '', '', 0, 0, 0, 0, 0, 0, 0, 0),
(1164, 'Lasith Malinga', 'Sri Lanka', './../playerImages/1164.jpg', 'Pace Bowler', 177, '', '', 0, 0, 0, 0, 0, 0, 0, 0),
(1165, 'Jeevan Mendis', 'Sri Lanka', './../playerImages/1165.jpg', 'All-Rounder', 16, '', '', 0, 0, 0, 0, 0, 0, 0, 0),
(1166, 'Thisara Perera', 'Sri Lanka', './../playerImages/1166.jpg', 'All-Rounder', 98, '', '', 0, 0, 0, 0, 0, 0, 0, 0),
(1167, 'Kumar Sangakkara', 'Sri Lanka', './../playerImages/1167.jpg', 'Wicketkeeper', 397, '', '', 0, 0, 0, 0, 0, 0, 0, 0),
(1168, 'Sachithra Senanayake', 'Sri Lanka', './../playerImages/1168.jpg', 'All-Rounder', 44, '', '', 0, 0, 0, 0, 0, 0, 0, 0),
(1169, 'Dhammika Prasad', 'Sri Lanka', './../playerImages/1169.jpg', 'Pace Bowler', 24, '', '', 0, 0, 0, 0, 0, 0, 0, 0),
(1170, 'Mohammad Tauqir', 'United Arab Emirates', './../playerImages/1170.jpg', ' Spin Bowler', 13, '', '', 0, 0, 0, 0, 0, 0, 0, 0),
(1171, 'Amjad Ali', 'United Arab Emirates', './../playerImages/1171.jpg', 'Batsman', 3, '', '', 0, 0, 0, 0, 0, 0, 0, 0),
(1172, 'Amjad Javed', 'United Arab Emirates', './../playerImages/1172.jpg', 'All-Rounder', 3, '', '', 0, 0, 0, 0, 0, 0, 0, 0),
(1173, 'Andri Berenger', 'United Arab Emirates', './../playerImages/1173.jpg', ' Batsman', 5, '', '', 0, 0, 0, 0, 0, 0, 0, 0),
(1174, 'Fahad Alhashmi', 'United Arab Emirates', './../playerImages/1174.jpg', ' Pace Bowler', 7, '', '', 0, 0, 0, 0, 0, 0, 0, 0),
(1175, 'Manjula Guruge', 'United Arab Emirates', './../playerImages/1175.jpg', 'Pace Bowler', 2, '', '', 0, 0, 0, 0, 0, 0, 0, 0),
(1176, 'Kamran Shazad', 'United Arab Emirates', './../playerImages/1176.jpg', 'Pace Bowler', 3, '', '', 0, 0, 0, 0, 0, 0, 0, 0),
(1177, 'Khurram Khan', 'United Arab Emirates', './../playerImages/1177.jpg', 'All-Rounder', 3, 'Captain', '', 0, 0, 0, 0, 0, 0, 0, 0),
(1178, 'Krishna Chandran', 'United Arab Emirates', './../playerImages/1178.jpg', ' All-Rounder', 15, '', '', 0, 0, 0, 0, 0, 0, 0, 0),
(1179, 'Mohammad Naveed', 'United Arab Emirates', './../playerImages/1179.jpg', 'Pace Bowler', 2, '', '', 0, 0, 0, 0, 0, 0, 0, 0),
(1180, 'Nasir Aziz', 'United Arab Emirates', './../playerImages/1180.jpg', ' Spin Bowler', 2, '', '', 0, 0, 0, 0, 0, 0, 0, 0),
(1181, 'Swapnil Patil', 'United Arab Emirates', './../playerImages/1181.jpg', 'Wicketkeeper', 3, '', '', 0, 0, 0, 0, 0, 0, 0, 0),
(1182, 'Rohan Mustafa', 'United Arab Emirates', './../playerImages/1182.jpg', 'All-Rounder', 3, '', '', 0, 0, 0, 0, 0, 0, 0, 0),
(1183, 'Saqlain Haider', 'United Arab Emirates', './../playerImages/1183.jpg', ' Batsman', 4, '', '', 0, 0, 0, 0, 0, 0, 0, 0),
(1184, 'Shaiman Anwar', 'United Arab Emirates', './../playerImages/1184.jpg', 'Batsman', 3, '', '', 0, 0, 0, 0, 0, 0, 0, 0),
(1185, 'Jason Holder', 'West Indies', './../playerImages/1185.jpg', 'All-Rounder', 26, 'Captain', '', 0, 0, 0, 0, 0, 0, 0, 0),
(1186, 'Marlon Samuels', 'West Indies', './../playerImages/1186.jpg', 'Batsman', 167, '', '', 0, 0, 0, 0, 0, 0, 0, 0),
(1187, 'Sulieman Benn', 'West Indies', './../playerImages/1187.jpg', ' Spin Bowler', 31, '', '', 0, 0, 0, 0, 0, 0, 0, 0),
(1188, 'Darren Bravo', 'West Indies', './../playerImages/1188.jpg', 'Batsman', 79, '', '', 0, 0, 0, 0, 0, 0, 0, 0),
(1189, 'Jonathan Carter', 'West Indies', './../playerImages/1189.jpg', ' Batsman', 51, '', '', 0, 0, 0, 0, 0, 0, 0, 0),
(1190, 'Sheldon Cottrell', 'West Indies', './../playerImages/1190.jpg', ' Pace Bowler', 2, '', '', 0, 0, 0, 0, 0, 0, 0, 0),
(1191, 'Chris Gayle', 'West Indies', './../playerImages/1191.jpg', 'Batsman', 263, '', '', 0, 0, 0, 0, 0, 0, 0, 0),
(1192, 'Nikita Miller', 'West Indies', './../playerImages/1192.jpg', 'Spin Bowler', 45, '', 'NO Miller', 0, 0, 0, 0, 0, 0, 0, 0),
(1193, 'Denesh Ramdin', 'West Indies', './../playerImages/1193.jpg', 'Wicketkeeper', 120, '', '', 0, 0, 0, 0, 0, 0, 0, 0),
(1194, 'Kemar Roach', 'West Indies', './../playerImages/1194.jpg', 'Pace Bowler', 64, '', '', 0, 0, 0, 0, 0, 0, 0, 0),
(1195, 'Andre Russell', 'West Indies', './../playerImages/1195.jpg', 'All-Rounder', 43, '', '', 0, 0, 0, 0, 0, 0, 0, 0),
(1196, 'Darren Sammy', 'West Indies', './../playerImages/1196.jpg', 'All-Rounder', 119, '', '', 0, 0, 0, 0, 0, 0, 0, 0),
(1197, 'Lendl Simmons', 'West Indies', './../playerImages/1197.jpg', 'Batsman', 61, '', '', 0, 0, 0, 0, 0, 0, 0, 0),
(1198, 'Dwayne Smith', 'West Indies', './../playerImages/1198.jpg', 'All-Rounder', 99, '', 'DR Smith', 0, 0, 0, 0, 0, 0, 0, 0),
(1199, 'Jerome Taylor', 'West Indies', './../playerImages/1199.jpg', 'Pace Bowler', 72, '', 'JE Taylor', 0, 0, 0, 0, 0, 0, 0, 0),
(1200, 'Sunil Narine', 'West Indies', './../playerImages/1200.jpg', ' Spin Bowler', 52, '', '', 0, 0, 0, 0, 0, 0, 0, 0),
(1201, 'Elton Chigumbura', 'Zimbabwe', './../playerImages/1201.jpg', 'All-Rounder', 169, 'Captain', '', 0, 0, 0, 0, 0, 0, 0, 0),
(1202, 'Regis Chakabva', 'Zimbabwe', './../playerImages/1202.jpg', 'Wicketkeeper', 24, '', '', 0, 0, 0, 0, 0, 0, 0, 0),
(1203, 'Tendai Chatara', 'Zimbabwe', './../playerImages/1203.jpg', 'Pace Bowler', 21, '', '', 0, 0, 0, 0, 0, 0, 0, 0),
(1204, 'Chamu Chibhabha', 'Zimbabwe', './../playerImages/1204.jpg', ' All-Rounder', 17, '', '', 0, 0, 0, 0, 0, 0, 0, 0),
(1205, 'Craig Ervine', 'Zimbabwe', './../playerImages/1205.jpg', 'Batsman', 25, '', '', 0, 0, 0, 0, 0, 0, 0, 0),
(1206, 'Tafadzwa Kamungozi', 'Zimbabwe', './../playerImages/1206.jpg', ' Spin Bowler', 11, '', '', 0, 0, 0, 0, 0, 0, 0, 0),
(1207, 'Hamilton Masakadza', 'Zimbabwe', './../playerImages/1207.jpg', 'Batsman', 144, '', '', 0, 0, 0, 0, 0, 0, 0, 0),
(1208, 'Stuart Matsikenyeri', 'Zimbabwe', './../playerImages/1208.jpg', ' Batsman', 112, '', '', 0, 0, 0, 0, 0, 0, 0, 0),
(1209, 'Solomon Mire', 'Zimbabwe', './../playerImages/1209.jpg', ' Batsman', 13, '', '', 0, 0, 0, 0, 0, 0, 0, 0),
(1210, 'Tawanda Mupariwa', 'Zimbabwe', './../playerImages/1210.jpg', ' Pace Bowler', 35, '', '', 0, 0, 0, 0, 0, 0, 0, 0),
(1211, 'Tinashe Panyangara', 'Zimbabwe', './../playerImages/1211.jpg', 'Pace Bowler', 38, '', '', 0, 0, 0, 0, 0, 0, 0, 0),
(1212, 'Sikandar Raza', 'Zimbabwe', './../playerImages/1212.jpg', 'Batsman', 21, '', '', 0, 0, 0, 0, 0, 0, 0, 0),
(1213, 'Brendan Taylor', 'Zimbabwe', './../playerImages/1213.jpg', 'Batsman', 161, '', 'BRM Taylor', 0, 0, 0, 0, 0, 0, 0, 0),
(1214, 'Prosper Utseya', 'Zimbabwe', './../playerImages/1214.jpg', ' Spin Bowler', 160, '', '', 0, 0, 0, 0, 0, 0, 0, 0),
(1215, 'Sean Williams', 'Zimbabwe', './../playerImages/1215.jpg', 'All-Rounder', 69, '', '', 0, 0, 0, 0, 0, 0, 0, 0);

-- --------------------------------------------------------

--
-- Table structure for table `userData`
--

CREATE TABLE IF NOT EXISTS `userData` (
  `teamId` bigint(20) NOT NULL,
  `userId1` bigint(20) NOT NULL,
  `userId2` bigint(20) NOT NULL,
  `score` bigint(20) NOT NULL,
  `actualBalance` bigint(20) NOT NULL,
  `p11` int(11) NOT NULL,
  `transferNum` int(11) NOT NULL,
  `round1Score` int(11) NOT NULL,
  `round2Score` int(11) NOT NULL,
  `round3Score` int(11) NOT NULL,
  `round4Score` int(11) NOT NULL,
  `round5Score` int(11) NOT NULL,
  `round6Score` int(11) NOT NULL,
  `round7Score` int(11) NOT NULL,
  `round8Score` int(11) NOT NULL,
  UNIQUE KEY `teamId` (`teamId`)
) ENGINE=InnoDB DEFAULT CHARSET=latin1;

--
-- Dumping data for table `userData`
--

INSERT INTO `userData` (`teamId`, `userId1`, `userId2`, `score`, `actualBalance`, `p11`, `transferNum`, `round1Score`, `round2Score`, `round3Score`, `round4Score`, `round5Score`, `round6Score`, `round7Score`, `round8Score`) VALUES
(1, 1, 2, 0, 20000000, 0, 51, 0, 0, 0, 0, 0, 0, 0, 0),
(2, 3, 4, 0, 20000000, 0, 0, 0, 0, 0, 0, 0, 0, 0, 0),
(3, 5, 6, 0, 20000000, 0, 0, 0, 0, 0, 0, 0, 0, 0, 0),
(4, 0, 0, 0, 20000000, 0, 0, 0, 0, 0, 0, 0, 0, 0, 0),
(5, 0, 0, 0, 20000000, 0, 0, 0, 0, 0, 0, 0, 0, 0, 0),
(6, 0, 0, 0, 20000000, 0, 0, 0, 0, 0, 0, 0, 0, 0, 0),
(7, 0, 0, 0, 20000000, 0, 0, 0, 0, 0, 0, 0, 0, 0, 0),
(8, 0, 0, 0, 20000000, 0, 0, 0, 0, 0, 0, 0, 0, 0, 0),
(9, 0, 0, 0, 20000000, 0, 0, 0, 0, 0, 0, 0, 0, 0, 0),
(10, 0, 0, 0, 20000000, 0, 0, 0, 0, 0, 0, 0, 0, 0, 0),
(11, 0, 0, 0, 20000000, 0, 0, 0, 0, 0, 0, 0, 0, 0, 0),
(12, 0, 0, 0, 20000000, 0, 0, 0, 0, 0, 0, 0, 0, 0, 0),
(13, 0, 0, 0, 20000000, 0, 0, 0, 0, 0, 0, 0, 0, 0, 0),
(14, 0, 0, 0, 20000000, 0, 0, 0, 0, 0, 0, 0, 0, 0, 0),
(15, 0, 0, 0, 20000000, 0, 0, 0, 0, 0, 0, 0, 0, 0, 0),
(16, 0, 0, 0, 20000000, 0, 0, 0, 0, 0, 0, 0, 0, 0, 0),
(17, 0, 0, 0, 20000000, 0, 0, 0, 0, 0, 0, 0, 0, 0, 0),
(18, 0, 0, 0, 20000000, 0, 0, 0, 0, 0, 0, 0, 0, 0, 0),
(19, 0, 0, 0, 20000000, 0, 0, 0, 0, 0, 0, 0, 0, 0, 0),
(20, 0, 0, 0, 20000000, 0, 0, 0, 0, 0, 0, 0, 0, 0, 0),
(21, 0, 0, 0, 20000000, 0, 0, 0, 0, 0, 0, 0, 0, 0, 0),
(22, 0, 0, 0, 20000000, 0, 0, 0, 0, 0, 0, 0, 0, 0, 0),
(23, 0, 0, 0, 20000000, 0, 0, 0, 0, 0, 0, 0, 0, 0, 0);

-- --------------------------------------------------------

--
-- Table structure for table `userLogin`
--

CREATE TABLE IF NOT EXISTS `userLogin` (
  `userId` bigint(20) NOT NULL,
  `password` varchar(40) NOT NULL,
  UNIQUE KEY `userId` (`userId`)
) ENGINE=InnoDB DEFAULT CHARSET=latin1;

--
-- Dumping data for table `userLogin`
--

INSERT INTO `userLogin` (`userId`, `password`) VALUES
(1, '356a192b7913b04c54574d18c28d46e6395428ab'),
(2, '356a192b7913b04c54574d18c28d46e6395428ab');

/*!40101 SET CHARACTER_SET_CLIENT=@OLD_CHARACTER_SET_CLIENT */;
/*!40101 SET CHARACTER_SET_RESULTS=@OLD_CHARACTER_SET_RESULTS */;
/*!40101 SET COLLATION_CONNECTION=@OLD_COLLATION_CONNECTION */;
